Station,Average,Type,Area,Longitude,Latitude,Altitude,Active
AL0203A,30.339,Background,Suburban,20.7802,40.6259,848,0
AT0ILL1,14.423,Background,Rural,16.7664,47.7703,117,0
AT0ZOE2,7.257,Background,Rural,14.4409,47.8383,892,1
AT10001,14.642,Background,Suburban,16.5262,47.8401,165,1
AT2KA71,14.609,Background,Urban,14.2991,46.6266,445,1
AT2WO15,19.19,Background,Suburban,14.8435,46.835,460,1
AT30104,14.714,Background,Suburban,14.5195,48.1923,265,1
AT30407,14.79,Background,Rural,16.6363,48.2307,153,0
AT31413,13.966,Background,Suburban,16.329,48.0843,210,1
AT31902,14.525,Background,Rural,15.9071,48.3451,200,1
AT32301,13.978,Background,Suburban,15.6325,48.2116,270,0
AT32701,16.252,Background,Suburban,16.4759,48.1456,155,1
AT4S108,9.099,Background,Rural,14.5747,48.5311,918,1
AT4S156,12.524,Background,Suburban,13.0392,48.2575,350,0
AT4S184,12.736,Background,Urban,14.2975,48.3061,260,1
AT4S404,15.236,Background,Suburban,14.2376,48.2253,274,1
AT4S407,12.297,Background,Suburban,13.6676,48.0009,420,1
AT4S409,11.782,Background,Suburban,14.4424,48.0493,305,1
AT4S416,13.956,Background,Suburban,14.3148,48.2733,265,1
AT60107,14.788,Background,Suburban,15.1528,47.0447,390,1
AT60197,19.929,Background,Suburban,15.5406,46.7783,272,1
AT80706,12.222,Background,Suburban,9.6537,47.4102,410,1
AT80807,11.438,Background,Suburban,9.7432,47.4095,440,1
AT90AKC,15.171,Background,Urban,16.3498,48.2191,184,1
AT90LOB,12.551,Background,Rural,16.5256,48.1621,155,0
AT9KEND,14.101,Background,Urban,16.3098,48.205,236,1
AT9STAD,14.567,Background,Urban,16.4583,48.2264,159,0
BEGBB15,12.945,Background,Urban,3.2341,51.2135,5,0
BEGR701,14.484,Background,Urban,3.7293,51.0583,5,0
BEGR801,14.691,Background,Urban,4.4318,51.2097,6,0
BEGR811,13.948,Background,Suburban,4.4914,51.2521,8,1
BEGRT01,12.033,Background,Rural,5.0533,51.2309,23,1
BELAB02,13.096,Background,Suburban,4.3218,51.3407,10,1
BELRL01,13.368,Background,Urban,3.1211,50.9534,20,1
BETB011,12.666,Background,Suburban,4.2887,50.8578,66,1
BETH201,10.521,Background,Suburban,5.5475,50.625,160,1
BETM204,10.301,Background,Suburban,5.6112,50.6119,70,1
BETN012,11.621,Background,Rural,3.3625,51.2546,3,1
BETN016,13.721,Background,Rural,5.164,51.2337,30,0
BETN029,10.767,Background,Rural,2.5823,51.0163,2,1
BETN035,13.434,Background,Rural,4.8376,50.9776,55,1
BETN045,13.467,Background,Suburban,5.3684,50.9397,41,0
BETN052,14.683,Background,Suburban,3.3225,50.8149,27,1
BETN054,13.1,Background,Rural,5.1032,50.7117,135,0
BETN060,11.007,Background,Rural,3.4576,50.6167,0,1
BETN063,11.355,Background,Rural,4.6683,50.6554,145,1
BETN067,9.426,Background,Suburban,5.9928,50.6123,0,1
BETN070,12.552,Background,Suburban,3.9397,50.4652,30,1
BETN073,9.973,Background,Rural,4.9884,50.5027,160,0
BETN085,6.826,Background,Rural,6.0017,50.3032,490,1
BETN093,8.911,Background,Rural,5.2352,50.2745,265,1
BETN100,8.099,Background,Rural,4.5948,50.0957,225,1
BETN113,7.56,Background,Rural,5.593,50.027,510,1
BETN121,7.82,Background,Rural,5.2024,49.8771,430,1
BETN132,8.689,Background,Rural,5.6304,49.7193,375,0
BETR020,14.46,Background,Suburban,4.4367,50.9414,12,1
BETR221,11.341,Background,Urban,5.6278,50.6584,65,1
BETR222,10.925,Background,Suburban,5.5702,50.6134,65,1
BETR501,12.843,Background,Urban,4.4522,50.4093,115,1
BETR502,12.737,Background,Suburban,4.4587,50.429,135,1
BETR510,12.026,Background,Suburban,4.5211,50.4164,118,1
BETR511,11.8,Background,Suburban,4.4247,50.3776,157,1
BETR710,14.45,Background,Suburban,3.7753,51.0613,6,1
BETR834,13.806,Background,Suburban,4.3802,51.0919,0,1
BETR841,14.22,Background,Suburban,4.4693,51.0025,8,1
BG0020A,22.161,Background,Urban,25.6049,43.0742,214,1
BG0039A,16.732,Background,Urban,25.6315,42.4342,223,1
BG0045A,27.016,Background,Urban,25.9641,43.8514,41,1
BG0050A,24.568,Background,Urban,23.2968,42.6806,581,0
BG0051A,29.352,Background,Urban,24.7652,42.1429,166,1
CH0005A,10.918,Background,Suburban,8.6134,47.4029,432,1
CH0010A,11.771,Background,Urban,8.5304,47.3776,409,1
CY0002R,9.88,Background,Rural,33.0578,35.038,532,1
CY0005A,17.803,Background,Urban,33.0178,34.6817,22,1
CY0006A,16.876,Background,Suburban,33.3317,35.1269,208,1
CY0007A,20.324,Background,Urban,33.6158,34.9136,17,1
CY0008A,15.403,Background,Suburban,32.4386,34.7794,103,1
CZ0ARIE,15.579,Background,Urban,14.4427,50.0815,256,1
CZ0ASTO,15.314,Background,Urban,14.3314,50.0461,309,1
CZ0BBNY,17.681,Background,Suburban,16.6962,49.149,241,1
CZ0CCBD,14.266,Background,Urban,14.4657,48.9844,383,0
CZ0EPAU,18.302,Background,Urban,15.7635,50.024,239,1
CZ0ESVR,11.804,Background,Rural,16.0342,49.7351,735,1
CZ0HHKT,20.174,Background,Urban,15.857,50.2185,232,1
CZ0HJIC,18.39,Background,Urban,15.3526,50.4395,283,1
CZ0JKOS,11.625,Background,Rural,15.0803,49.5734,535,1
CZ0JKRI,15.066,Background,Rural,16.0986,49.3836,525,1
CZ0KSOM,13.48,Background,Suburban,12.6728,50.1728,476,1
CZ0MBEL,22.228,Background,Rural,17.8042,49.5871,306,0
CZ0MOLJ,23.921,Background,Urban,17.2381,49.6015,224,1
CZ0PPLL,16.654,Background,Urban,13.3682,49.7701,360,0
CZ0SKLM,12.297,Background,Urban,14.1018,50.1439,303,1
CZ0SMBO,17.27,Background,Urban,14.9139,50.4286,224,1
CZ0TCEL,17.009,Background,Rural,18.3484,49.5592,400,0
CZ0TOPO,22.668,Background,Suburban,18.1593,49.8253,242,1
CZ0TOZR,25.381,Background,Urban,18.2472,49.796,235,0
CZ0TSTD,23.893,Background,Rural,18.0893,49.7209,231,1
CZ0TTRO,24.696,Background,Urban,18.6778,49.6681,320,0
CZ0TVER,33.04,Background,Rural,18.4229,49.9247,203,1
CZ0UMOM,18.667,Background,Urban,13.6453,50.5104,221,1
CZ0UTPM,19.437,Background,Suburban,13.8512,50.6453,257,0
CZ0UULK,15.358,Background,Suburban,14.0412,50.6835,367,1
DEBB007,13.736,Background,Suburban,13.5268,51.4627,89,0
DEBB021,13.696,Background,Urban,13.0602,52.4014,31,1
DEBB053,11.945,Background,Rural,14.0152,52.5639,88,1
DEBB055,13.317,Background,Suburban,12.5523,52.4204,33,1
DEBB063,10.39,Background,Suburban,11.7385,52.9988,22,1
DEBB064,13.486,Background,Urban,14.3345,51.7468,75,1
DEBB067,12.886,Background,Suburban,12.8853,52.6085,31,1
DEBB083,13.225,Background,Suburban,14.3764,51.5645,99,1
DEBB086,14.295,Background,Suburban,13.4243,52.3497,43,1
DEBE010,15.251,Background,Urban,13.3493,52.543,35,1
DEBE034,17.12,Background,Urban,13.4308,52.4895,35,1
DEBE068,16.062,Background,Urban,13.4188,52.5136,35,1
DEBW013,12.38,Background,Urban,9.2297,48.8088,235,1
DEBW015,13.912,Background,Urban,9.2248,49.1655,157,1
DEBW019,13.193,Background,Urban,9.979,48.3968,481,1
DEBW023,12.32,Background,Suburban,7.6333,47.5882,275,0
DEBW031,6.112,Background,Rural,7.7645,47.8099,904,1
DEBW033,11.823,Background,Urban,8.6655,48.889,278,1
DEBW052,12.423,Background,Urban,9.1693,47.6644,403,0
DEBW081,11.994,Background,Urban,8.3556,49.0286,114,0
DEBW084,10.578,Background,Urban,7.8321,48.0015,262,0
DEBW087,7.883,Background,Rural,9.2076,48.3458,798,1
DEBW107,12.087,Background,Suburban,9.0512,48.5077,325,1
DEBY002,13.371,Background,Suburban,12.1887,50.0582,480,0
DEBY004,12.736,Background,Suburban,9.1715,49.8694,124,1
DEBY005,12.227,Background,Suburban,9.118,49.9915,134,1
DEBY007,13.377,Background,Urban,10.8884,48.3766,477,0
DEBY009,13.077,Background,Urban,10.8877,49.8983,231,1
DEBY012,13.668,Background,Suburban,12.8293,48.1772,420,1
DEBY031,10.871,Background,Suburban,10.3066,47.7251,678,0
DEBY039,12.393,Background,Urban,11.5547,48.1545,521,1
DEBY052,13.687,Background,Urban,10.0083,48.3971,470,1
DEBY058,13.516,Background,Urban,11.0248,49.4622,300,1
DEBY067,13.537,Background,Suburban,12.1281,49.322,380,1
DEBY072,8.871,Background,Rural,12.5489,49.4385,755,0
DEBY075,13.428,Background,Urban,12.1594,49.679,400,0
DEBY077,11.991,Background,Suburban,9.9564,49.8047,226,1
DEBY088,12.232,Background,Suburban,12.5382,48.0217,488,1
DEBY089,11.973,Background,Suburban,11.648,48.1732,513,1
DEBY099,12.61,Background,Suburban,10.9031,48.326,495,1
DEBY109,8.743,Background,Rural,11.2202,47.9688,700,0
DEBY118,15.247,Background,Urban,13.422,48.5736,300,1
DEBY124,11.139,Background,Rural,10.325,49.4441,362,1
DEBY187,12.751,Background,Suburban,10.5977,48.9522,417,1
DEHB002,11.951,Background,Urban,8.917,53.06,7,1
DEHB005,10.283,Background,Urban,8.5694,53.5625,3,1
DEHE008,13.003,Background,Urban,8.7463,50.1253,103,1
DEHE013,11.949,Background,Urban,9.4834,51.3142,180,0
DEHE022,12.04,Background,Urban,8.245,50.0503,127,1
DEHE046,11.416,Background,Rural,8.9282,51.4309,343,1
DEHH008,12.952,Background,Urban,9.9679,53.5641,15,1
DEHH059,13.777,Background,Urban,9.9906,53.5079,3,1
DEMV004,12.242,Background,Rural,12.0647,53.8178,17,1
DEMV019,11.566,Background,Urban,12.1755,53.7818,17,0
DEMV021,10.883,Background,Urban,12.08,54.1713,2,1
DENI031,9.372,Background,Rural,8.0906,53.5962,2,1
DENI038,11.326,Background,Urban,8.0529,52.2553,95,1
DENI041,10.627,Background,Suburban,9.0626,52.1702,54,1
DENI042,8.884,Background,Suburban,9.9498,51.5511,170,1
DENI043,12.163,Background,Suburban,7.3175,52.4986,30,0
DENI054,11.397,Background,Urban,9.7061,52.3629,85,0
DENI060,10.485,Background,Rural,11.1671,52.957,16,0
DENW002,14.545,Background,Suburban,7.3314,51.6414,56,1
DENW008,14.033,Background,Urban,7.4574,51.5369,71,1
DENW010,13.009,Background,Suburban,7.6938,51.5475,76,0
DENW022,14.494,Background,Suburban,7.1019,51.5336,30,1
DENW024,15.076,Background,Urban,6.981,51.4965,40,0
DENW030,13.879,Background,Suburban,6.6297,51.6729,26,1
DENW068,12.443,Background,Rural,8.148,51.5707,108,0
DENW071,12.706,Background,Urban,6.7324,51.2492,38,1
DENW114,12.575,Background,Urban,7.2319,51.2776,186,1
DENW179,12.79,Background,Urban,7.5823,51.4488,118,1
DENW247,13.12,Background,Suburban,6.9656,51.4068,155,0
DERP009,13.271,Background,Urban,8.274,49.995,100,1
DERP017,7.543,Background,Rural,7.8264,49.2703,600,1
DERP019,12.89,Background,Urban,7.7673,49.446,232,1
DERP022,12.711,Background,Urban,7.8662,49.8412,108,1
DERP028,8.509,Background,Rural,7.7299,50.4243,540,1
DERP053,14.385,Background,Suburban,8.423,49.3511,103,0
DESH008,9.868,Background,Rural,10.2406,54.0932,45,1
DESH015,12.364,Background,Urban,9.5303,53.9244,40,1
DESH023,11.215,Background,Urban,10.6959,53.8355,12,0
DESH035,12.23,Background,Urban,9.1569,53.8961,0,1
DESL012,12.245,Background,Urban,6.9876,49.2335,192,0
DESN059,12.018,Background,Suburban,12.2974,51.3179,115,1
DESN076,10.192,Background,Rural,13.0094,51.3038,313,1
DESN092,13.01,Background,Urban,13.7302,51.0361,112,1
DEST002,12.134,Background,Suburban,11.8648,52.2684,47,1
DEST050,12.893,Background,Urban,11.9791,51.4962,116,1
DEST077,12.934,Background,Urban,11.6115,52.1279,58,1
DEST098,8.684,Background,Rural,11.0434,51.6624,419,0
DEST104,13.072,Background,Rural,11.8914,51.8373,72,1
DETH020,11.105,Background,Urban,11.0379,50.9795,195,1
DETH036,11.984,Background,Urban,12.2052,50.6559,265,0
DETH060,10.384,Background,Urban,10.6686,50.6532,490,1
DEUB004,6.69,Background,Rural,7.904,47.9129,1205,1
DEUB005,10.464,Background,Rural,10.7561,52.8009,74,1
DEUB029,7.287,Background,Rural,10.7694,50.6546,937,1
DEUB030,9.97,Background,Rural,13.0323,53.1423,65,1
DK0012R,19.234,Background,Rural,12.0889,55.6942,3,1
DK0045A,11.635,Background,Urban,12.5614,55.7003,25,1
DK0056A,9.857,Background,Urban,10.1936,56.1598,21,1
EE0009R,5.198,Background,Rural,25.9306,59.4944,32,0
EE0011R,3.975,Background,Rural,21.845,58.3761,6,1
EE0016A,5.442,Background,Rural,26.7589,58.7028,50,1
EE0018A,6.287,Background,Urban,24.6495,59.4142,6,1
EE0021A,8.953,Background,Urban,26.7347,58.3706,41,1
EE0022A,5.929,Background,Urban,28.1792,59.3762,25,1
ES0001R,6.612,Background,Rural,-4.3504,39.5463,923,1
ES0007R,10.344,Background,Rural,-3.5506,37.2369,1258,1
ES0008R,7.051,Background,Rural,-4.8497,43.4392,132,1
ES0009R,4.817,Background,Rural,-3.1425,41.2742,1368,1
ES0011R,8.457,Background,Rural,-6.9233,38.4728,377,1
ES0012R,5.961,Background,Rural,-1.1008,39.0828,855,1
ES0014R,8.335,Background,Rural,0.7342,41.3933,488,1
ES0567A,15.061,Background,Urban,2.1196,41.3849,24,1
ES0691A,17.963,Background,Urban,2.2045,41.4039,3,1
ES1193A,9.97,Background,Suburban,-3.7492,40.42,645,1
ES1443A,11.394,Background,Urban,-3.6361,42.3361,929,1
ES1543A,7.114,Background,Rural,-0.1694,40.735,619,1
ES1615A,6.72,Background,Urban,-6.3424,39.4838,389,1
ES1641A,12.156,Background,Urban,-0.8936,41.6353,220,1
ES1670A,11.082,Background,Rural,-1.2814,39.5586,804,1
ES1671A,10.759,Background,Rural,-0.8319,39.7081,430,1
ES1691A,8.072,Background,Suburban,-0.6033,39.9306,616,1
ES1752A,9.272,Background,Suburban,-3.4776,40.4495,581,1
ES1802A,5.867,Background,Rural,-3.4679,40.909,995,1
ES1809A,12.141,Background,Suburban,-3.6803,40.1852,610,1
ES1810A,11.741,Background,Rural,-4.2752,40.2479,469,1
ES1818A,11.966,Background,Suburban,-4.0208,39.8681,500,0
ES1827A,6.991,Background,Rural,2.6878,39.6788,172,1
ES1838A,6.546,Background,Suburban,-3.5033,40.5997,721,1
ES1856A,15.322,Background,Urban,2.148,41.4261,136,1
ES1868A,7.302,Background,Suburban,-8.5591,42.876,220,1
ES1885A,12.099,Background,Suburban,-0.3364,39.4803,7,1
ES1890A,8.02,Background,Urban,-3.8337,40.3419,693,1
ES1914A,9.289,Background,Suburban,-0.8033,38.4547,355,1
ES1937A,11.917,Background,Urban,-3.6867,40.3981,609,1
ES1957A,16.063,Background,Suburban,-8.4092,43.3828,25,1
ES1974A,10.774,Background,Urban,-5.6707,43.5166,51,1
ES1988A,8.215,Background,Suburban,-5.5664,42.5753,814,1
ES1997A,7.035,Background,Suburban,-6.0848,40.0437,181,1
ES2018A,9.177,Background,Rural,-0.3592,39.7822,200,1
ES2054A,9.535,Background,Suburban,-5.9583,43.5705,8,1
FI00208,5.009,Background,Rural,24.6849,60.3144,55,1
FR01011,15.01,Background,Urban,6.1808,49.1194,192,1
FR01020,14.096,Background,Urban,6.1569,49.3583,154,0
FR03043,13.38,Background,Urban,5.3947,43.3053,73,1
FR04002,13.264,Background,Urban,2.2944,48.9303,28,0
FR04024,13.844,Background,Suburban,2.4447,48.9908,65,0
FR04034,13.648,Background,Urban,2.3758,48.7759,95,0
FR04048,12.661,Background,Rural,2.3439,49.1003,140,1
FR04066,9.648,Background,Rural,2.2369,48.3642,134,0
FR04143,14.266,Background,Urban,2.351,48.859,37,0
FR04156,13.432,Background,Urban,2.4525,48.9025,51,1
FR04328,9.17,Background,Rural,2.6453,48.3547,127,1
FR05074,10.412,Background,Urban,0.1007,49.4896,5,0
FR05087,10.207,Background,Rural,0.7587,49.4984,10,1
FR06001,14.248,Background,Urban,3.508,50.3585,43,1
FR06009,12.301,Background,Urban,3.2361,50.1725,59,1
FR07004,11.424,Background,Urban,3.1138,45.7973,340,1
FR07022,8.448,Background,Rural,3.6007,46.6527,235,0
FR08016,14.051,Background,Urban,3.8868,43.5915,23,1
FR08614,13.497,Background,Urban,4.3744,43.8344,42,1
FR08714,10.048,Background,Urban,2.9005,42.6955,48,1
FR09019,11.06,Background,Urban,-0.4589,46.3296,48,1
FR09103,11.264,Background,Urban,0.1672,45.6474,83,1
FR09404,13.66,Background,Urban,0.3456,46.584,110,1
FR10004,11.857,Background,Urban,2.42,51.0486,8,1
FR10016,10.784,Background,Urban,1.8431,50.9473,4,1
FR10029,13.017,Background,Suburban,2.3663,50.9959,3,1
FR11025,15.476,Background,Urban,3.0903,50.6281,25,0
FR12030,11.86,Background,Urban,1.444,43.5873,146,1
FR14008,9.267,Background,Rural,4.63,49.9078,394,1
FR14203,11.02,Background,Rural,3.9126,49.1586,153,1
FR15043,15.824,Background,Urban,5.7356,45.1619,219,0
FR16066,14.391,Background,Urban,7.3091,47.7374,267,0
FR18042,13.069,Background,Urban,3.284,49.8513,95,0
FR18043,11.842,Background,Urban,2.4744,49.2596,34,1
FR18053,12.436,Background,Urban,2.3046,49.9017,26,1
FR19008,8.914,Background,Rural,-1.8363,47.8319,29,1
FR19012,9.131,Background,Urban,-4.4866,48.3862,48,1
FR19032,8.986,Background,Urban,-3.395,47.7425,37,1
FR19033,6.974,Background,Urban,-2.764,47.6489,20,1
FR20046,14.268,Background,Urban,4.9247,45.7789,172,0
FR20061,15.163,Background,Urban,4.7196,45.9862,190,1
FR20062,17.284,Background,Urban,4.8542,45.7577,160,1
FR21001,10.282,Background,Urban,-0.3911,49.1922,56,1
FR21050,8.072,Background,Rural,-0.4583,48.645,309,1
FR22054,13.108,Background,Urban,6.9109,49.1874,233,1
FR23110,9.532,Background,Urban,-2.2502,47.2641,26,1
FR23120,12.316,Background,Urban,-0.5559,47.4685,41,1
FR23182,13.002,Background,Urban,0.2214,47.9711,84,1
FR23188,13.648,Background,Urban,-1.5374,47.2222,13,1
FR24018,12.479,Background,Urban,5.7861,43.8358,385,0
FR24036,14.284,Background,Urban,7.2863,43.7021,11,1
FR24039,7.504,Background,Rural,5.7118,43.9335,668,1
FR25036,13.043,Background,Urban,1.0938,49.4424,17,1
FR25048,14.147,Background,Urban,1.058,49.4282,9,1
FR26005,13.485,Background,Suburban,5.0659,47.3074,238,1
FR26019,11.705,Background,Urban,3.5762,47.8006,107,1
FR28028,14.058,Background,Urban,2.6357,50.5354,26,1
FR29424,8.417,Background,Urban,4.3954,45.4201,552,1
FR29426,13.469,Background,Urban,4.515,45.4753,366,1
FR30033,12.595,Background,Rural,5.7856,49.0658,213,1
FR30034,13.957,Background,Urban,6.1904,48.6882,200,1
FR31002,14.468,Background,Urban,-0.5894,44.8005,20,0
FR31007,13.385,Background,Urban,-0.5158,44.9003,36,0
FR31013,10.607,Background,Urban,-0.3915,43.3108,197,1
FR31016,11.515,Background,Urban,-1.4892,43.4798,35,1
FR32007,11.154,Background,Urban,4.4175,46.8024,374,0
FR33101,15.848,Background,Urban,5.9283,45.5647,280,1
FR33201,17.686,Background,Urban,6.1183,45.8953,453,1
FR33211,15.527,Background,Urban,6.2406,46.1958,441,1
FR33302,8.897,Background,Rural,5.8208,46.0722,477,1
FR34014,13.195,Background,Urban,1.9663,47.9174,110,1
FR34024,13.413,Background,Urban,0.6538,47.3441,90,1
FR34034,12.231,Background,Urban,2.073,47.222,120,1
FR34038,11.603,Background,Rural,2.6101,46.8147,182,1
FR34042,10.002,Background,Urban,1.4688,48.4393,155,1
FR35003,10.403,Background,Urban,1.2569,45.8311,288,1
FR36002,16.586,Background,Urban,4.8935,44.9335,125,1
FR36021,6.146,Background,Rural,5.279,44.5694,605,1
FR41017,9.187,Background,Suburban,9.4346,42.6713,15,0
FR41024,7.685,Background,Rural,9.19,42.236,653,1
FR82006,15.035,Background,Urban,6.0154,47.2474,321,1
FR82010,13.623,Background,Urban,6.794,47.5103,331,1
FR82050,12.421,Background,Urban,5.5566,46.6713,261,1
GB0036R,7.726,Background,Rural,-1.3253,51.5711,126,0
GB0048R,3.176,Background,Rural,-3.2429,55.7922,260,1
GB0566A,10.929,Background,Urban,-0.1259,51.5223,20,1
GB0567A,9.03,Background,Urban,-5.9288,54.5996,10,1
GB0584A,11.433,Background,Urban,-1.5465,53.8038,78,1
GB0608A,10.492,Background,Suburban,0.1848,51.466,13,0
GB0613A,10.478,Background,Urban,-2.2379,53.4815,57,0
GB0617A,8.733,Background,Rural,0.6349,51.4562,14,1
GB0620A,9.791,Background,Urban,-0.2135,51.521,5,0
GB0658A,11.691,Background,Urban,-2.1751,53.0282,172,0
GB0660A,10.586,Background,Urban,-2.3341,53.4848,30,1
GB0673A,11.753,Background,Urban,-7.3291,55.0012,32,1
GB0728A,10.624,Background,Urban,0.6784,51.5442,37,1
GB0730A,7.204,Background,Urban,-3.0227,53.3729,38,1
GB0733A,10.396,Background,Urban,-1.0686,50.8288,5,1
GB0741A,7.487,Background,Urban,-1.8267,50.7396,30,1
GB0743A,9.59,Background,Urban,-0.1319,51.4947,5,1
GB0776A,10.878,Background,Urban,-0.3412,53.7488,4,1
GB0840A,7.421,Background,Urban,-0.9441,51.4531,58,1
GB0851A,9.545,Background,Urban,-1.8306,52.5117,93,1
GB0863A,7.104,Background,Urban,-1.4069,54.8836,110,1
GB0884A,10.247,Background,Urban,-2.5845,51.4628,15,1
GB0918A,10.19,Background,Urban,-1.0865,53.9675,15,1
GB0959A,10.829,Background,Urban,-0.2988,51.6173,79,1
GB0962A,9.568,Background,Urban,-2.9773,51.6012,24,1
GB0995A,11.945,Background,Urban,1.302,52.6142,36,1
GB1013A,8.996,Background,Urban,-1.83,52.4372,134,1
GB1019A,6.794,Background,Urban,-0.8799,52.2719,128,1
GB1026A,12.019,Background,Urban,-1.1273,52.6198,83,0
GB1028A,6.547,Background,Urban,-4.2436,55.8658,40,0
GB1034A,10.94,Background,Urban,-1.5602,52.4116,98,1
HR0010A,35.942,Background,Suburban,17.9951,45.1595,0,1
HR0011A,16.807,Background,Rural,18.8346,45.698,0,1
HR0013A,9.172,Background,Rural,15.6098,44.8993,0,1
HR0021A,20.817,Background,Suburban,15.9784,45.8344,0,0
IE003AP,8.138,Background,Suburban,-6.3053,53.3903,64,1
IE0105A,9.425,Background,Urban,-6.2667,53.3472,20,1
IE0106A,7.802,Background,Suburban,-6.2279,53.3682,14,0
IE0110A,6.83,Background,Suburban,-8.4571,51.8819,4,0
IE0141A,6.563,Background,Suburban,-6.1217,53.1872,47,1
IE0145A,5.736,Background,Rural,-9.0127,53.7039,44,0
IT0499A,16.022,Background,Urban,10.8591,46.6195,640,1
IT0591A,15.861,Background,Urban,11.0394,45.8924,200,1
IT0703A,19.962,Background,Suburban,11.4539,46.0518,380,1
IT0707A,25.673,Background,Urban,9.6439,45.6903,249,1
IT0804A,21.471,Background,Urban,10.3317,44.7936,60,1
IT0858A,12.045,Background,Urban,8.9915,44.3949,85,1
IT0862A,15.642,Background,Urban,11.2875,43.7867,61,1
IT0892A,18.207,Background,Urban,11.355,44.4833,43,1
IT0903A,19.588,Background,Suburban,10.7339,44.5161,150,1
IT0912A,23.245,Background,Urban,9.1647,45.1939,77,1
IT0940A,20.715,Background,Urban,10.6647,44.6908,50,1
IT0950A,16.206,Background,Urban,11.8889,43.4611,260,1
IT0952A,14.677,Background,Rural,12.2663,41.8895,66,1
IT0953A,16.13,Background,Urban,12.5069,41.9329,50,1
IT0956A,21.763,Background,Urban,12.5687,41.8577,48,1
IT0957A,18.156,Background,Suburban,12.6585,41.9295,56,1
IT0963A,28.424,Background,Urban,12.2622,45.4992,1,1
IT0966A,18.532,Background,Urban,13.2406,46.0661,100,1
IT0983A,11.854,Background,Urban,7.3242,45.7358,581,1
IT0989A,9.898,Background,Rural,12.9621,42.5726,948,1
IT0992A,14.543,Background,Rural,13.6743,41.6692,388,1
IT1030A,14.009,Background,Urban,11.8706,44.2833,,1
IT1037A,16.063,Background,Urban,11.1262,46.0629,203,0
IT1043A,22.791,Background,Urban,12.5533,44.0625,6,1
IT1048A,17.093,Background,Urban,12.0489,44.2192,29,1
IT1065A,20.443,Background,Urban,11.7367,45.7608,114,0
IT1110A,16.963,Background,Urban,10.4017,43.7389,5,0
IT1128A,26.383,Background,Suburban,7.658,45.1546,257,1
IT1177A,29.216,Background,Urban,11.5397,45.5606,36,1
IT1179A,20.56,Background,Rural,11.9611,44.8397,-2,1
IT1184A,15.529,Background,Suburban,12.9466,41.5314,15,1
IT1186A,17.668,Background,Urban,10.245,43.8839,3,1
IT1187A,25.088,Background,Urban,10.5739,43.8408,10,0
IT1204A,19.406,Background,Urban,12.2256,44.42,4,1
IT1222A,23.456,Background,Urban,12.5917,45.6303,3,1
IT1247A,15.78,Background,Urban,8.0564,45.5588,405,1
IT1328A,23.346,Background,Urban,12.3081,45.8906,72,1
IT1343A,26.404,Background,Suburban,10.9122,45.4625,91,1
IT1385A,26.752,Background,Suburban,10.1775,45.8739,226,1
IT1388A,27.588,Background,Suburban,10.6919,45.4108,113,1
IT1451A,18.643,Background,Rural,11.6394,44.6622,11,1
IT1453A,31.25,Background,Urban,11.8419,45.3719,13,1
IT1464A,26.643,Background,Rural,9.5564,45.4975,115,1
IT1510A,12.837,Background,Urban,8.5655,45.9303,203,1
IT1529A,16.387,Background,Urban,7.5382,44.3818,550,0
IT1532A,16.571,Background,Urban,8.2835,45.7132,344,1
IT1536A,14.186,Background,Urban,9.8439,44.116,6,0
IT1553A,23.442,Background,Rural,11.0069,43.9161,48,1
IT1557A,10.67,Background,Urban,10.3217,43.52,13,1
IT1590A,26.501,Background,Urban,12.2386,45.6725,15,0
IT1593A,10.986,Background,Urban,11.1192,42.7786,10,1
IT1594A,14.54,Background,Urban,12.2169,46.1414,401,0
IT1596A,25.489,Background,Rural,12.5103,45.8369,14,1
IT1619A,21.339,Background,Suburban,11.9058,46.0308,263,1
IT1650A,24.721,Background,Urban,9.0242,45.6269,212,0
IT1654A,20.27,Background,Urban,11.0919,43.8728,54,1
IT1692A,31.902,Background,Urban,9.2358,45.4783,122,0
IT1696A,15.373,Background,Suburban,11.3401,46.4348,230,1
IT1737A,29.066,Background,Urban,10.2194,45.5153,70,0
IT1739A,30.007,Background,Urban,10.0458,45.1422,45,1
IT1743A,27.025,Background,Urban,9.2744,45.5811,162,1
IT1771A,22.16,Background,Urban,10.9063,44.6506,34,0
IT1788A,23.773,Background,Suburban,7.878,45.4512,240,1
IT1812A,12.047,Background,Rural,9.4969,45.9131,1192,0
IT1826A,15.812,Background,Urban,9.3958,45.8494,267,1
IT1830A,24.37,Background,Urban,8.6232,44.9203,91,1
IT1836A,17.47,Background,Urban,12.4476,41.9064,24,1
IT1865A,26.951,Background,Rural,11.0708,44.9969,16,1
IT1876A,24.302,Background,Suburban,9.4667,45.6833,273,1
IT1878A,26.542,Background,Suburban,8.4024,45.3189,131,0
IT1883A,12.594,Background,Urban,8.4854,44.3154,55,0
IT1904A,11.011,Background,Rural,9.0524,44.7633,620,1
IT1906A,16.896,Background,Urban,12.4754,41.894,17,1
IT1908A,19.534,Background,Suburban,12.4025,44.0958,32,1
IT1911A,14.707,Background,Rural,10.2889,44.6575,202,0
IT1914A,23.017,Background,Rural,10.6639,44.8731,22,1
IT1915A,15.268,Background,Rural,12.6275,43.9328,165,0
IT1918A,19.387,Background,Urban,11.6497,44.825,9,1
IT1919A,19.083,Background,Rural,11.9422,44.7417,0,1
IT1921A,20.045,Background,Rural,11.1779,44.9278,4,1
IT1924A,26.728,Background,Rural,10.0192,44.9894,48,1
IT1927A,18.326,Background,Rural,11.9814,44.5265,1,1
IT1938A,13.485,Background,Urban,16.2452,39.3134,230,1
IT1940A,13.021,Background,Urban,16.2552,38.2298,11,1
IT1947A,12.469,Background,Urban,9.0089,39.0667,56,1
IT1948A,20.749,Background,Rural,8.3103,44.808,258,1
IT1965A,26.505,Background,Urban,9.4953,45.3028,76,1
IT1975A,24.078,Background,Urban,9.6692,45.0383,61,0
IT1993A,11.98,Background,Urban,9.1364,39.2606,15,0
IT1996A,7.149,Background,Rural,8.7731,40.2564,532,1
IT2009A,6.486,Background,Urban,8.5761,40.7244,275,1
IT2010A,9.337,Background,Urban,8.4053,40.8314,16,1
IT2013A,25.587,Background,Urban,13.349,41.6396,242,1
IT2023A,10.437,Background,Rural,11.8764,42.7366,436,1
IT2028A,11.089,Background,Urban,15.6388,38.105,20,1
IT2031A,18.072,Background,Urban,17.1142,39.0681,37,1
IT2032A,13.278,Background,Urban,11.1419,43.4728,105,1
IT2062A,28.849,Background,Urban,9.6147,45.6439,207,0
IT2073A,18.096,Background,Urban,10.7914,44.5394,118,0
IT2087A,12.698,Background,Suburban,16.2952,38.9596,140,1
IT2089A,9.097,Background,Urban,16.5792,38.9183,370,1
IT2097A,6.642,Background,Rural,10.9261,44.15,811,1
IT2101A,24.155,Background,Suburban,7.8375,45.0028,271,1
IT2104A,13.47,Background,Suburban,8.1598,45.6642,666,0
IT2110A,15.728,Background,Urban,16.3868,39.4896,758,1
IT2117A,30.376,Background,Suburban,7.7116,45.1763,246,1
IT2119A,25.844,Background,Rural,7.4262,44.7197,268,1
IT2131A,15.196,Background,Rural,13.4864,45.7316,0,1
IT2148A,16.465,Background,Suburban,17.5125,40.6492,100,1
LT00002,10.772,Background,Urban,25.2108,54.6861,170,0
LT00044,9.906,Background,Urban,23.8358,54.8836,73,1
LU0101A,11.669,Background,Urban,6.1376,49.5977,275,1
LU0102A,12.028,Background,Urban,5.9769,49.505,287,1
LU0105A,11.023,Background,Rural,6.3053,49.7223,319,1
MT00007,9.187,Background,Rural,14.1971,36.0671,114,0
NL00014,12.448,Background,Urban,4.8662,52.3597,2,1
NL00016,11.539,Background,Urban,4.8702,52.394,3,1
NL00230,12.27,Background,Rural,5.1485,51.5184,15,1
NL00241,12.352,Background,Urban,4.781,51.6031,1,1
NL00444,9.512,Background,Rural,4.5108,52.2966,4,1
NL00485,12.38,Background,Urban,4.3552,51.8674,3,1
NL00488,12.135,Background,Urban,4.4876,51.8936,2,1
NL00495,12.11,Background,Urban,4.228,51.932,4,1
NL00561,12.989,Background,Urban,4.7735,52.3336,-2,1
NL00570,12.05,Background,Urban,4.6405,52.4893,6,1
NL00701,12.803,Background,Urban,4.8167,52.448,2,1
NL00703,12.013,Background,Rural,4.7286,52.3986,-1,0
NO0002R,2.704,Background,Rural,8.2519,58.3885,200,1
NO0015A,6.763,Background,Urban,5.3278,60.3922,5,0
NO0039R,1.512,Background,Rural,8.8766,62.7825,210,1
NO0056R,2.755,Background,Rural,11.0741,60.3729,280,1
NO0065A,7.309,Background,Suburban,5.7314,58.9616,34,1
NO0073A,8.825,Background,Urban,10.7657,59.9231,24,0
NO0075A,6.645,Background,Suburban,10.4656,61.1209,212,0
NO0080A,7.134,Background,Suburban,9.6422,59.1292,31,1
NO0089A,4.732,Background,Urban,10.3935,63.4304,30,1
PL0005R,12.482,Background,Rural,22.0381,54.1248,157,1
PL0008A,27.273,Background,Urban,18.975,50.2646,273,1
PL0052A,12.897,Background,Urban,18.6198,54.3801,7,1
PL0071A,18.868,Background,Urban,18.6661,53.0286,64,1
PL0075A,18.384,Background,Suburban,19.0364,52.6647,57,1
PL0079A,26.346,Background,Urban,23.1494,52.0292,144,0
PL0081A,27.2,Background,Suburban,23.5146,51.1309,190,1
PL0085A,21.293,Background,Urban,22.5517,51.2731,207,1
PL0091A,23.956,Background,Urban,23.2902,50.7166,226,1
PL0096A,22.134,Background,Urban,19.5298,51.758,235,0
PL0100A,29.729,Background,Urban,19.4529,51.7764,206,1
PL0115A,20.457,Background,Urban,19.4212,51.8567,189,1
PL0129A,32.176,Background,Suburban,20.9559,52.4076,91,1
PL0134A,30.466,Background,Suburban,20.8375,52.1917,99,0
PL0136A,21.466,Background,Urban,19.7098,52.5509,101,1
PL0138A,28.091,Background,Urban,21.1475,51.3991,159,1
PL0141A,21.029,Background,Urban,21.0338,52.1608,102,1
PL0143A,23.628,Background,Urban,21.0425,52.2909,85,1
PL0144A,30.14,Background,Urban,20.4299,52.0538,119,1
PL0152A,13.331,Background,Urban,22.9346,54.1179,179,1
PL0175A,16.745,Background,Urban,20.4861,53.7892,120,1
PL0176A,17.26,Background,Urban,19.9698,53.6925,120,1
PL0190A,22.906,Background,Urban,16.1805,51.2045,122,0
PL0194A,23.967,Background,Urban,17.0293,51.1294,114,1
PL0198A,18.417,Background,Urban,15.0082,51.1504,215,1
PL0213A,19.213,Background,Urban,15.5189,51.9398,150,1
PL0218A,27.026,Background,Urban,18.2366,50.3496,181,1
PL0238A,30.624,Background,Urban,18.6557,50.2795,236,0
PL0243A,18.471,Background,Rural,19.4588,50.7109,291,1
PL0244A,24.352,Background,Urban,16.9595,52.3982,67,1
PL0248A,15.355,Background,Urban,14.6633,53.381,10,1
PL0276A,22.991,Background,Urban,22.1125,50.5299,156,1
PL0283A,25.605,Background,Urban,20.605,50.8725,275,1
PL0295A,14.942,Background,Urban,19.4109,54.1678,15,1
PL0398A,21.413,Background,Urban,19.6877,52.5563,97,0
PL0413A,24.474,Background,Urban,21.7497,49.6902,277,1
PL0489A,27.774,Background,Urban,18.6912,50.0287,260,1
PL0491A,15.838,Background,Suburban,18.1321,53.1515,53,1
PL0492A,16.647,Background,Urban,15.2463,52.747,22,1
PL0493A,24.973,Background,Urban,21.1713,51.4153,156,1
PL0494A,21.215,Background,Urban,17.9503,50.6769,173,1
PL0495A,22.787,Background,Urban,22.0106,50.0242,203,1
PL0496A,21.248,Background,Urban,23.1817,53.1293,145,0
PL0497A,14.213,Background,Urban,18.6143,54.3986,6,1
PL0498A,26.002,Background,Urban,19.107,50.8019,262,0
PL0499A,25.895,Background,Urban,19.0232,49.8064,372,1
PL0500A,13.472,Background,Urban,16.1932,54.2072,47,1
PL0501A,33.718,Background,Urban,19.9492,50.0106,223,1
PL0502A,25.157,Background,Urban,21.0042,50.0202,228,1
PL0503A,27.188,Background,Urban,18.0491,51.748,140,1
PL0505A,14.538,Background,Rural,15.4317,51.3176,179,0
PL0507A,28.158,Background,Urban,22.5691,51.2594,191,1
PL0509A,31.571,Background,Urban,19.697,51.4044,180,1
PL0517A,20.31,Background,Urban,18.2076,50.9722,177,0
PL0518A,24.068,Background,Urban,21.4546,49.7449,223,1
PL0523A,21.007,Background,Urban,20.7156,50.4536,212,1
PL0527A,34.887,Background,Rural,18.4713,49.9219,204,1
PL0530A,29.098,Background,Urban,18.8296,50.4447,319,0
PL0534A,20.107,Background,Urban,14.8628,52.9263,63,1
PL0535A,14.334,Background,Urban,16.6925,53.7121,134,1
PL0538A,24.911,Background,Urban,22.282,52.1721,155,1
PL0542A,26.828,Background,Urban,18.7525,53.4918,29,1
PL0549A,29.21,Background,Urban,20.4395,49.969,202,1
PL0550A,36.011,Background,Urban,20.7144,49.6193,305,1
PL0552A,25.841,Background,Urban,19.4775,50.1594,340,1
PL0566A,22.348,Background,Urban,21.0842,51.0506,264,1
PL0585A,18.373,Background,Urban,15.7656,50.9134,345,1
PL0591A,19.588,Background,Urban,15.1278,51.6427,160,1
PL0594A,25.92,Background,Urban,22.7562,49.7843,201,1
PL0620A,21.024,Background,Urban,21.5793,53.0837,96,1
PL0623A,27.102,Background,Urban,21.4343,50.3008,167,1
PL0624A,33.561,Background,Urban,17.7911,51.8849,117,1
PT02019,7.347,Background,Rural,-8.8917,39.9239,68,1
PT02020,5.619,Background,Rural,-7.3019,40.2331,461,1
PT03071,11.345,Background,Urban,-9.1081,38.7689,32,1
PT03083,13.551,Background,Urban,-9.1578,38.6636,63,1
PT03089,12.228,Background,Urban,-9.3472,38.785,173,1
PT03096,10.518,Background,Rural,-8.4661,39.3525,143,1
PT03099,11.823,Background,Rural,-8.6906,38.6356,57,1
PT04006,12.342,Background,Rural,-7.3975,38.615,187,1
RO0074A,17.36,Background,Urban,23.5966,46.775,336,1
RO0084A,23.185,Background,Urban,27.5819,47.151,42,1
RO0176A,16.972,Background,Urban,26.0258,44.9392,158,1
SE0001A,10.452,Background,Urban,13.002,55.6064,25,1
SE0004A,8.268,Background,Urban,11.9702,57.709,31,1
SE0005R,2.26,Background,Rural,15.3197,63.8455,380,1
SE0014R,5.02,Background,Rural,11.9142,57.3936,2,1
SE0015A,7.793,Background,Urban,12.8297,55.8697,,0
SE0022A,4.807,Background,Urban,18.0578,59.316,58,1
SE0066A,3.723,Background,Rural,18.6313,59.8324,24,1
SE0084A,4.21,Background,Urban,18.0908,59.3461,30,1
SE0104A,4.137,Background,Urban,17.6357,59.8601,22,1
SE32939,9.287,Background,Urban,15.6187,58.4092,54,1
SE34399,4.889,Background,Urban,17.9577,59.4102,39,0
SE37657,8.249,Background,Urban,13.0788,55.6336,7,1
SE37658,3.677,Background,Urban,20.2893,63.8208,8,1
SI0008R,10.033,Background,Rural,14.8581,45.5611,540,1
SI0058A,22.565,Background,Urban,14.4713,46.0483,297,1
SI0059A,19.26,Background,Urban,15.6261,46.5684,280,1
TR0002A,11.196,Background,Urban,32.5852,39.972,794,1
TR0013A,19.404,Background,Urban,32.9268,39.9254,922,0
TR160613,29.625,Background,Rural,28.8715,40.2234,87,0
TR170313,16.866,Background,Rural,26.7706,40.4031,12,1
TR220213,22.739,Background,Urban,26.5373,41.6591,36,1
TR220341,63.823,Background,Urban,26.6353,40.8512,133,1
TR340341,32.734,Background,Urban,28.9748,41.0923,91,1
TR340611,21.012,Background,Urban,28.2555,41.0732,35,1
TR410741,20.833,Background,Urban,29.7946,40.726,3,0
TR590341,24.447,Background,Urban,27.9802,41.3184,199,0
TR770212,22.968,Background,Suburban,29.5079,40.7006,22,1
TR770313,18.915,Background,Rural,28.7846,40.5294,98,1
XK0001A,28.487,Background,Suburban,21.1371,42.6488,573,0
