Station,Average,Type,Area,Longitude,Latitude,Altitude
AD0942A,25.016,Background,Urban,1.5391,42.5097,1080
AT0ENK1,7.55,Background,Rural,13.6709,48.3916,525
AT0KLH1,5.744,Background,Rural,15.9563,46.7672,417
AT0PIL1,5.699,Background,Rural,15.936,48.7212,315
AT0VOR1,2.303,Background,Rural,12.9746,46.6777,1036
AT0ZOE2,2.781,Background,Rural,14.4409,47.8383,892
AT10003,10.533,Background,Rural,17.0703,48.1092,136
AT2KA71,15.803,Background,Urban,14.2991,46.6266,445
AT2SP10,8.89,Background,Rural,13.1945,46.935,686
AT2SP18,15.017,Background,Suburban,13.4939,46.8014,560
AT2WO35,6.736,Background,Rural,14.8917,46.7083,540
AT30065,12.647,Background,Suburban,16.1434,48.1955,260
AT30101,14.648,Background,Suburban,14.8788,48.1199,270
AT30201,8.981,Background,Suburban,16.2057,47.9592,265
AT30202,4.74,Background,Rural,15.9189,48.1051,581
AT30301,9.041,Background,Suburban,16.9579,48.1442,180
AT30302,7.754,Background,Rural,16.6753,48.05,235
AT30401,8.217,Background,Rural,16.7294,48.3347,161
AT30403,8.681,Background,Rural,16.522,48.3929,260
AT30407,8.285,Background,Rural,16.6363,48.2307,153
AT30502,3.713,Background,Rural,15.0467,48.8786,570
AT30601,7.905,Background,Suburban,16.3139,48.3025,260
AT31204,10.783,Background,Rural,15.205,48.2128,216
AT31401,12.435,Background,Suburban,16.301,48.0856,215
AT31502,2.582,Background,Rural,15.86,47.6703,890
AT31701,5.821,Background,Rural,15.5455,48.3704,320
AT31901,13.264,Background,Suburban,16.0625,48.3294,178
AT32301,13.814,Background,Suburban,15.6325,48.2116,270
AT32401,11.466,Background,Suburban,16.255,47.8142,265
AT32501,13.192,Background,Suburban,15.6192,48.4086,200
AT32604,8.833,Background,Rural,14.7723,48.0451,330
AT32701,14.271,Background,Suburban,16.4759,48.1456,155
AT4S108,3.108,Background,Rural,14.5747,48.5311,918
AT4S125,8.763,Background,Suburban,13.6322,47.7161,460
AT4S184,19.683,Background,Urban,14.2975,48.3061,260
AT4S404,17.227,Background,Suburban,14.2376,48.2253,274
AT4S406,16.619,Background,Suburban,14.0366,48.1649,316
AT4S409,12.351,Background,Suburban,14.4424,48.0493,305
AT4S416,22.84,Background,Suburban,14.3148,48.2733,265
AT51066,15.73,Background,Urban,13.0433,47.8056,430
AT52100,7.562,Background,Rural,13.1051,47.6668,650
AT53055,5.009,Background,Rural,13.0158,47.9367,730
AT54057,14.823,Background,Suburban,13.2056,47.3514,620
AT55032,11.528,Background,Suburban,13.808,47.1257,1025
AT56072,11.409,Background,Suburban,12.7951,47.3266,775
AT60106,15.053,Background,Suburban,15.0867,47.0633,445
AT60107,12.495,Background,Suburban,15.1528,47.0447,390
AT60118,9.705,Background,Suburban,14.6767,47.1781,715
AT60138,15.021,Background,Suburban,15.4151,47.0944,355
AT60139,18.597,Background,Suburban,15.4044,47.0694,370
AT60142,12.756,Background,Suburban,15.0741,47.3753,555
AT60145,13.786,Background,Suburban,15.2903,47.4458,517
AT60170,21.32,Background,Suburban,15.4331,47.0417,345
AT60172,20.097,Background,Urban,15.4319,47.0692,366
AT60179,12.036,Background,Suburban,15.9719,47.2829,349
AT60180,11.938,Background,Suburban,15.2533,47.4094,485
AT60194,12.617,Background,Suburban,15.6731,47.6047,679
AT60195,9.987,Background,Suburban,15.2128,46.8139,365
AT60197,12.355,Background,Suburban,15.5406,46.7783,272
AT60198,9.473,Background,Suburban,16.079,47.0474,276
AT72110,22.815,Background,Urban,11.3924,47.2626,577
AT72113,12.731,Background,Suburban,11.3747,47.2699,678
AT72227,22.831,Background,Suburban,11.5125,47.2781,558
AT72530,17.182,Background,Suburban,12.0666,47.4886,508
AT72538,11.245,Background,Rural,11.91,47.4587,602
AT72552,14.35,Background,Urban,12.1724,47.5818,489
AT72710,10.8,Background,Rural,10.7441,47.4476,985
AT72912,8.829,Background,Rural,12.766,46.8191,681
AT80503,3.469,Background,Rural,9.9267,47.5292,1033
AT900KE,17.451,Background,Suburban,16.4761,48.1567,158
AT900ZA,12.857,Background,Suburban,16.3571,48.249,210
AT90AKC,16.435,Background,Urban,16.3498,48.2191,184
AT90FLO,18.561,Background,Urban,16.397,48.2611,164
AT90LOB,10.314,Background,Rural,16.5256,48.1621,155
AT9BELG,20.509,Background,Urban,16.3614,48.1744,218
AT9GAUD,20.51,Background,Urban,16.3393,48.1871,179
AT9JAEG,6.833,Background,Rural,16.2972,48.2702,488
AT9KEND,16.433,Background,Urban,16.3098,48.205,236
AT9LIES,15.946,Background,Suburban,16.3001,48.1412,211
AT9SCHA,9.102,Background,Suburban,16.3016,48.2354,319
AT9STAD,17.725,Background,Urban,16.4583,48.2264,159
BETB004,20.479,Background,Urban,4.3478,50.8521,17
BETB006,19.24,Background,Urban,4.3744,50.8386,67
BETB011,12.653,Background,Suburban,4.2887,50.8578,66
BETMEU1,16.949,Background,Suburban,4.3957,50.895,34
BETN016,10.429,Background,Rural,5.164,51.2337,30
BETN027,9.136,Background,Rural,5.6067,51.1337,48
BETN029,7.583,Background,Rural,2.5823,51.0163,2
BETN035,9.813,Background,Rural,4.8376,50.9776,55
BETN040,8.261,Background,Rural,4.2252,50.7681,20
BETN052,12.464,Background,Suburban,3.3225,50.8149,27
BETN054,7.879,Background,Rural,5.1032,50.7117,135
BETN060,8.307,Background,Rural,3.4576,50.6167,0
BETN066,5.095,Background,Rural,6.0023,50.6289,295
BETN070,15.298,Background,Suburban,3.9397,50.4652,30
BETN073,6.116,Background,Rural,4.9884,50.5027,160
BETN085,3.203,Background,Rural,6.0017,50.3032,490
BETN093,5.322,Background,Rural,5.2352,50.2745,265
BETN100,3.917,Background,Rural,4.5948,50.0957,225
BETN113,4.099,Background,Rural,5.593,50.027,510
BETN121,3.67,Background,Rural,5.2024,49.8771,430
BETN132,4.501,Background,Rural,5.6304,49.7193,375
BETR001,21.405,Background,Urban,4.3341,50.8497,20
BETR012,11.312,Background,Suburban,4.3586,50.7966,101
BETR020,15.944,Background,Suburban,4.4367,50.9414,12
BETR221,15.587,Background,Urban,5.6278,50.6584,65
BETR222,12.92,Background,Suburban,5.5702,50.6134,65
BETR501,17.78,Background,Urban,4.4522,50.4093,115
BETR502,15.311,Background,Suburban,4.4587,50.429,135
BETR801,20.779,Background,Urban,4.4318,51.2097,6
BG0040A,21.322,Background,Urban,23.311,42.7323,534
BG0041A,20.882,Background,Urban,25.5935,42.0564,103
BG0043A,11.153,Background,Urban,23.5574,43.208,363
BG0045A,18.013,Background,Urban,25.9641,43.8514,41
BG0050A,25.434,Background,Urban,23.2968,42.6806,581
BG0051A,2.147,Background,Urban,24.7652,42.1429,166
BG0052A,16.513,Background,Urban,23.4002,42.6665,548
BG0057A,17.1,Background,Urban,25.6912,43.1265,172
BG0058A,12.03,Background,Urban,23.0978,42.0019,414
BG0075A,30.406,Background,Urban,27.9157,43.2244,83
CH0002R,8.601,Background,Rural,6.9445,46.8131,489
CH0003R,7.779,Background,Rural,8.9047,47.4798,538
CH0004R,3.288,Background,Rural,6.9792,47.0495,1136
CH0005A,16.742,Background,Suburban,8.6134,47.4029,432
CH0005R,3.783,Background,Rural,8.4633,47.0674,1031
CH0008A,12.039,Background,Suburban,7.5833,47.5411,316
CH0010A,17.563,Background,Urban,8.5304,47.3776,409
CH0011A,19.509,Background,Urban,8.9571,46.0111,280
CH0017A,16.552,Background,Urban,7.5821,47.5659,260
CH0019A,3.628,Background,Rural,9.3944,47.4067,915
CH0022A,13.729,Background,Suburban,8.3007,47.0677,484
CH0024A,12.705,Background,Rural,7.1483,46.139,460
CH0033A,11.913,Background,Rural,8.9339,46.1603,203
CH0043A,16.188,Background,Suburban,8.9673,46.0255,305
CH0050A,11.941,Background,Suburban,6.0742,46.2311,439
CH0051A,7.512,Background,Rural,6.0052,46.1626,427
CY0002R,2.198,Background,Rural,33.0578,35.038,532
CZ0AKOB,15.762,Background,Suburban,14.4676,50.1222,269
CZ0ALIB,11.784,Background,Suburban,14.4459,50.0073,301
CZ0AREP,24.094,Background,Urban,14.4292,50.0881,190
CZ0ARIE,17.774,Background,Urban,14.4427,50.0815,256
CZ0BBDN,19.498,Background,Urban,16.6163,49.2027,225
CZ0BBNY,11.333,Background,Suburban,16.6962,49.149,241
CZ0BZNO,10.713,Background,Suburban,16.0601,48.843,225
CZ0CCBD,11.497,Background,Urban,14.4657,48.9844,383
CZ0CPRA,7.973,Background,Suburban,14.0004,49.0161,583
CZ0EPAO,11.597,Background,Suburban,15.7394,50.0422,217
CZ0JKOS,2.962,Background,Rural,15.0803,49.5734,535
CZ0KPRB,3.478,Background,Rural,12.6154,50.3725,904
CZ0KSOM,10.061,Background,Suburban,12.6728,50.1728,476
CZ0MJES,3.585,Background,Rural,17.1902,50.2422,625
CZ0MOLJ,15.805,Background,Urban,17.2381,49.6015,224
CZ0PKUJ,6.865,Background,Rural,13.6185,49.722,385
CZ0PPLL,11.753,Background,Urban,13.3682,49.7701,360
CZ0PPLV,9.451,Background,Suburban,13.4234,49.7686,348
CZ0SKLS,11.397,Background,Urban,14.106,50.1674,219
CZ0SMBO,13.969,Background,Urban,14.9139,50.4286,224
CZ0TBKR,3.458,Background,Rural,18.5386,49.5026,890
CZ0TCER,4.448,Background,Rural,17.5419,49.7771,749
CZ0TCTN,16.768,Background,Urban,18.6097,49.749,285
CZ0TFMI,12.232,Background,Suburban,18.3511,49.6718,290
CZ0TOFF,15.117,Background,Urban,18.2637,49.8392,220
CZ0TOPO,11.761,Background,Suburban,18.1593,49.8253,242
CZ0TSTD,10.09,Background,Rural,18.0893,49.7209,231
CZ0TVER,10.581,Background,Rural,18.4229,49.9247,203
CZ0UDCM,15.986,Background,Urban,14.2188,50.7742,131
CZ0ULOM,8.945,Background,Rural,13.6734,50.5858,265
CZ0UMOM,16.165,Background,Urban,13.6453,50.5104,221
CZ0USNZ,6.839,Background,Rural,14.0868,50.7894,590
CZ0UTUS,8.671,Background,Rural,13.3276,50.3766,322
CZ0UULK,8.838,Background,Suburban,14.0412,50.6835,367
CZ0UULM,19.477,Background,Urban,14.0431,50.6611,147
CZ0ZZLN,9.643,Background,Suburban,17.6672,49.2329,258
DEBB021,10.89,Background,Urban,13.0602,52.4014,31
DEBB048,8.064,Background,Suburban,12.8095,52.9319,43
DEBB053,4.678,Background,Rural,14.0152,52.5639,88
DEBB055,7.827,Background,Suburban,12.5523,52.4204,33
DEBB063,5.844,Background,Suburban,11.7385,52.9988,22
DEBB064,9.123,Background,Urban,14.3345,51.7468,75
DEBB065,3.936,Background,Rural,12.5614,52.1942,111
DEBB066,4.783,Background,Rural,14.0569,51.8975,52
DEBB075,8.04,Background,Suburban,13.1237,52.4842,39
DEBB083,7.052,Background,Suburban,14.3764,51.5645,99
DEBB086,8.969,Background,Suburban,13.4243,52.3497,43
DEBB092,8.492,Background,Suburban,14.526,52.3347,74
DEBE010,17.519,Background,Urban,13.3493,52.543,35
DEBE018,14.987,Background,Urban,13.3488,52.4858,40
DEBE027,8.252,Background,Rural,13.3681,52.3984,45
DEBE032,7.625,Background,Rural,13.2251,52.4732,50
DEBE034,15.592,Background,Urban,13.4308,52.4895,35
DEBE051,8.786,Background,Suburban,13.4831,52.6442,60
DEBE056,7.53,Background,Rural,13.6471,52.4477,35
DEBE062,6.685,Background,Rural,13.2961,52.6533,50
DEBE066,12.121,Background,Urban,13.5295,52.4853,35
DEBE068,15.72,Background,Urban,13.4188,52.5136,35
DEBW009,11.995,Background,Urban,8.6767,49.4195,112
DEBW010,9.845,Background,Suburban,8.7001,49.3007,162
DEBW013,17.167,Background,Urban,9.2297,48.8088,235
DEBW015,16.991,Background,Urban,9.2248,49.1655,157
DEBW019,15.591,Background,Urban,9.979,48.3968,481
DEBW023,10.824,Background,Suburban,7.6333,47.5882,275
DEBW024,13.901,Background,Suburban,9.1728,48.8992,302
DEBW027,14.979,Background,Urban,9.2073,48.4889,385
DEBW029,13.469,Background,Suburban,10.0963,48.8479,424
DEBW031,2.745,Background,Rural,7.7645,47.8099,904
DEBW033,16.645,Background,Urban,8.6655,48.889,278
DEBW038,13.929,Background,Urban,9.4857,47.6601,404
DEBW039,9.236,Background,Suburban,8.4636,48.0487,700
DEBW042,16.045,Background,Suburban,9.2294,48.6775,370
DEBW046,10.455,Background,Suburban,9.8003,48.0899,534
DEBW052,13.411,Background,Urban,9.1693,47.6644,403
DEBW059,8.861,Background,Suburban,9.6579,49.6348,177
DEBW073,12.248,Background,Suburban,7.568,47.819,223
DEBW076,9.21,Background,Suburban,8.2202,48.7731,148
DEBW081,12.388,Background,Urban,8.3556,49.0286,114
DEBW084,11.233,Background,Urban,7.8321,48.0015,262
DEBW087,4.076,Background,Rural,9.2076,48.3458,798
DEBW107,12.992,Background,Suburban,9.0512,48.5077,325
DEBW112,8.126,Background,Suburban,8.9044,48.6456,466
DEBY004,9.46,Background,Suburban,9.1715,49.8694,124
DEBY005,16.848,Background,Suburban,9.118,49.9915,134
DEBY007,16.797,Background,Urban,10.8884,48.3766,477
DEBY009,15.435,Background,Urban,10.8877,49.8983,231
DEBY012,15.73,Background,Suburban,12.8293,48.1772,420
DEBY013,10.837,Background,Rural,12.7814,48.1828,415
DEBY020,10.558,Background,Suburban,11.8975,50.3206,525
DEBY030,13.003,Background,Suburban,11.9488,48.9042,340
DEBY031,13.26,Background,Suburban,10.3066,47.7251,678
DEBY032,13.212,Background,Urban,11.4426,50.1031,303
DEBY039,17.945,Background,Urban,11.5547,48.1545,521
DEBY049,6.852,Background,Rural,11.7778,48.8532,359
DEBY052,19.241,Background,Urban,10.0083,48.3971,470
DEBY058,18.595,Background,Urban,11.0248,49.4622,300
DEBY067,12.702,Background,Suburban,12.1281,49.322,380
DEBY068,14.675,Background,Urban,10.2321,50.0484,231
DEBY072,4.891,Background,Rural,12.5489,49.4385,755
DEBY075,18.186,Background,Urban,12.1594,49.679,400
DEBY088,12.514,Background,Suburban,12.5382,48.0217,488
DEBY089,12.78,Background,Suburban,11.648,48.1732,513
DEBY099,11.814,Background,Suburban,10.9031,48.326,495
DEBY109,4.709,Background,Rural,11.2202,47.9688,700
DEBY113,10.658,Background,Suburban,10.9635,49.6059,284
DEBY118,22.176,Background,Urban,13.422,48.5736,300
DEBY122,6.142,Background,Rural,10.4366,47.5411,1056
DEBY124,7.069,Background,Rural,10.325,49.4441,362
DEBY187,10.53,Background,Suburban,10.5977,48.9522,417
DEBY188,14.707,Background,Urban,11.0279,49.3227,344
DEBY189,14.669,Background,Suburban,11.4644,48.1817,510
DEHB001,14.687,Background,Urban,8.8158,53.0772,10
DEHB002,13.381,Background,Urban,8.917,53.06,7
DEHB004,12.578,Background,Urban,8.6255,53.1809,20
DEHB005,15.232,Background,Urban,8.5694,53.5625,3
DEHB012,16.64,Background,Urban,8.7351,53.1317,8
DEHE001,12.756,Background,Urban,8.6646,49.8723,153
DEHE005,27.576,Background,Urban,8.5425,50.1018,100
DEHE008,19.833,Background,Urban,8.7463,50.1253,103
DEHE011,15.204,Background,Urban,8.9216,50.1358,105
DEHE013,13.726,Background,Urban,9.4834,51.3142,180
DEHE018,16.751,Background,Urban,8.4515,50.0103,90
DEHE020,18.774,Background,Urban,8.5006,50.5672,150
DEHE022,16.743,Background,Urban,8.245,50.0503,127
DEHE024,3.804,Background,Rural,9.7746,51.2918,607
DEHE026,3.874,Background,Rural,9.3994,50.1644,501
DEHE028,4.589,Background,Rural,8.8173,49.6535,480
DEHE030,15.491,Background,Urban,8.7693,50.8043,180
DEHE032,10.086,Background,Urban,9.8003,50.97,206
DEHE039,4.238,Background,Rural,9.4594,50.7704,490
DEHE042,10.014,Background,Rural,8.6844,50.533,171
DEHE043,10.28,Background,Rural,8.5168,49.8252,90
DEHE044,16.66,Background,Urban,8.061,50.3832,131
DEHE045,11.734,Background,Urban,9.002,49.6725,207
DEHE050,4.642,Background,Rural,9.2712,51.3608,470
DEHE051,2.944,Background,Rural,9.9359,50.4977,950
DEHE052,3.874,Background,Rural,8.4461,50.2219,824
DEHE060,3.536,Background,Rural,9.0318,51.1548,462
DEHE105,13.674,Background,Urban,8.4917,50.5751,168
DEHH008,16.879,Background,Urban,9.9679,53.5641,15
DEHH047,10.298,Background,Suburban,10.1106,53.6307,31
DEHH050,8.477,Background,Suburban,9.8572,53.4809,3
DEHH059,16.945,Background,Urban,9.9906,53.5079,3
DEHH079,21.327,Background,Urban,9.9448,53.5453,25
DEMV004,4.115,Background,Rural,12.0647,53.8178,17
DEMV007,7.022,Background,Suburban,12.1741,54.1616,5
DEMV012,4.173,Background,Rural,14.2574,53.5205,17
DEMV017,4.611,Background,Rural,11.3733,53.3074,25
DEMV019,5.895,Background,Urban,12.1755,53.7818,17
DEMV021,9.509,Background,Urban,12.08,54.1713,2
DEMV024,4.252,Background,Rural,12.4639,53.3963,116
DEMV026,4.223,Background,Rural,13.3421,54.3235,17
DENI011,8.256,Background,Suburban,10.4736,52.2269,98
DENI016,6.984,Background,Suburban,10.4813,51.9016,208
DENI020,10.154,Background,Suburban,10.8164,52.4408,66
DENI028,6.689,Background,Suburban,10.2385,51.5076,185
DENI029,10.032,Background,Suburban,7.2073,53.3623,1
DENI031,7.177,Background,Rural,8.0906,53.5962,2
DENI038,11.417,Background,Urban,8.0529,52.2553,95
DENI041,8.081,Background,Suburban,9.0626,52.1702,54
DENI042,8.514,Background,Suburban,9.9498,51.5511,170
DENI043,9.797,Background,Suburban,7.3175,52.4986,30
DENI051,3.192,Background,Rural,10.6125,51.7582,939
DENI052,7.862,Background,Suburban,9.623,52.8294,38
DENI054,11.361,Background,Urban,9.7061,52.3629,85
DENI058,5.313,Background,Rural,7.214,53.7153,5
DENI059,8.025,Background,Rural,8.8012,53.8302,3
DENI060,6.688,Background,Rural,11.1671,52.957,16
DENI062,9.651,Background,Suburban,10.4565,53.247,47
DENI063,9.176,Background,Rural,9.685,53.5242,3
DENI077,4.841,Background,Rural,9.5546,51.7088,295
DENW002,12.987,Background,Suburban,7.3314,51.6414,56
DENW006,15.129,Background,Suburban,7.5698,51.5922,59
DENW008,17.547,Background,Urban,7.4574,51.5369,71
DENW010,12.384,Background,Suburban,7.6938,51.5475,76
DENW022,16.441,Background,Suburban,7.1019,51.5336,30
DENW024,18.108,Background,Urban,6.981,51.4965,40
DENW029,11.785,Background,Suburban,7.2086,51.403,95
DENW038,17.909,Background,Urban,6.8651,51.4535,39
DENW053,15.453,Background,Urban,6.8846,51.0193,46
DENW059,17.781,Background,Suburban,6.9851,50.8899,50
DENW062,18.795,Background,Suburban,7.0827,50.7536,60
DENW064,4.791,Background,Rural,6.281,50.6532,580
DENW065,3.938,Background,Rural,8.1919,50.9303,641
DENW066,13.377,Background,Rural,6.1958,51.3269,47
DENW068,7.045,Background,Rural,8.148,51.5707,108
DENW071,15.904,Background,Urban,6.7324,51.2492,38
DENW078,15.646,Background,Suburban,6.8199,51.3034,42
DENW079,17.493,Background,Suburban,7.005,51.0289,50
DENW080,13.587,Background,Suburban,7.0526,51.1838,208
DENW081,9.53,Background,Rural,6.8745,51.862,44
DENW094,8.273,Background,Urban,6.0938,50.7547,200
DENW095,12.33,Background,Urban,7.6116,51.9365,64
DENW179,14.054,Background,Urban,7.5823,51.4488,118
DENW247,20.46,Background,Suburban,6.9656,51.4068,155
DERP001,14.331,Background,Urban,8.4023,49.515,91
DERP007,13.715,Background,Urban,8.2168,50.0176,115
DERP009,21.146,Background,Urban,8.274,49.995,100
DERP013,4.608,Background,Rural,7.2935,49.4231,460
DERP014,2.964,Background,Rural,7.1934,49.7409,650
DERP015,2.975,Background,Rural,6.3781,50.2665,680
DERP016,3.884,Background,Rural,7.9735,50.7668,480
DERP017,3.028,Background,Rural,7.8264,49.2703,600
DERP019,13.081,Background,Urban,7.7673,49.446,232
DERP021,14.37,Background,Urban,7.4814,50.4247,65
DERP022,15.628,Background,Urban,7.8662,49.8412,108
DERP025,10.207,Background,Urban,8.2535,49.0523,115
DERP028,4.417,Background,Rural,7.7299,50.4243,540
DERP053,17.224,Background,Suburban,8.423,49.3511,103
DERP060,10.459,Background,Urban,7.6146,49.192,378
DESH008,5.198,Background,Rural,10.2406,54.0932,45
DESH023,8.673,Background,Urban,10.6959,53.8355,12
DESH035,18.294,Background,Urban,9.1569,53.8961,0
DESL011,9.017,Background,Urban,7.0363,49.2372,315
DESL012,18.498,Background,Urban,6.9876,49.2335,192
DESL013,12.12,Background,Suburban,6.7536,49.3226,181
DESL017,11.615,Background,Urban,6.8677,49.2543,189
DESL019,5.133,Background,Rural,6.552,49.4169,339
DESN001,12.4,Background,Urban,12.9973,50.5709,545
DESN004,11.644,Background,Urban,14.4438,51.1757,203
DESN017,16.869,Background,Urban,13.3468,50.9163,393
DESN024,7.648,Background,Urban,12.4687,50.3548,540
DESN045,8.978,Background,Suburban,14.8228,50.8924,230
DESN051,7.749,Background,Rural,13.675,51.1195,246
DESN052,4.501,Background,Rural,13.7515,50.7315,877
DESN059,9.069,Background,Suburban,12.2974,51.3179,115
DESN074,4.651,Background,Rural,13.4651,50.6591,785
DESN079,4.949,Background,Rural,14.7497,51.2854,148
DESN092,11.863,Background,Urban,13.7302,51.0361,112
DESN093,5.46,Background,Rural,12.2111,50.6081,430
DEST002,7.104,Background,Suburban,11.8648,52.2684,47
DEST011,8.513,Background,Urban,10.7901,51.8394,235
DEST029,11.843,Background,Suburban,11.739,51.8035,60
DEST044,8.582,Background,Urban,11.0574,51.897,120
DEST050,10.457,Background,Urban,11.9791,51.4962,116
DEST066,6.927,Background,Urban,12.6637,51.8709,71
DEST077,10.584,Background,Urban,11.6115,52.1279,58
DEST098,2.806,Background,Rural,11.0434,51.6624,419
DEST104,5.042,Background,Rural,11.8914,51.8373,72
DETH005,10.464,Background,Urban,11.3689,50.6512,210
DETH009,12.093,Background,Urban,12.0749,50.8779,190
DETH011,10.749,Background,Urban,12.4376,50.9878,185
DETH013,8.064,Background,Urban,10.3172,50.9783,210
DETH018,10.947,Background,Urban,10.7914,51.4972,185
DETH020,12.311,Background,Urban,11.0379,50.9795,195
DETH026,4.864,Background,Rural,10.3753,50.5618,450
DETH027,3.624,Background,Rural,11.1346,50.5,840
DETH036,8.671,Background,Urban,12.2052,50.6559,265
DETH041,10.412,Background,Urban,11.5971,50.9335,140
DETH042,3.778,Background,Rural,10.8672,51.3333,420
DETH061,3.287,Background,Rural,11.6612,50.7916,357
DETH093,10.84,Background,Urban,11.321,50.9822,224
DETH095,9.116,Background,Urban,10.451,51.2079,215
DEUB001,3.63,Background,Rural,8.308,54.9231,12
DEUB005,3.89,Background,Rural,10.7561,52.8009,74
DEUB028,3.578,Background,Rural,12.725,54.4368,1
DK0056A,8.03,Background,Urban,10.1936,56.1598,21
EE0009R,1.739,Background,Rural,25.9306,59.4944,32
EE0011R,1.473,Background,Rural,21.845,58.3761,6
EE0016A,1.389,Background,Rural,26.7589,58.7028,50
EE0021A,7.722,Background,Urban,26.7347,58.3706,41
EE0022A,7.002,Background,Urban,28.1792,59.3762,25
ES0001R,1.433,Background,Rural,-4.3504,39.5463,923
ES0006R,2.513,Background,Rural,4.3239,39.8761,78
ES0007R,3.642,Background,Rural,-3.5506,37.2369,1258
ES0008R,2.09,Background,Rural,-4.8497,43.4392,132
ES0009R,1.806,Background,Rural,-3.1425,41.2742,1368
ES0010R,2.868,Background,Rural,3.3156,42.3192,75
ES0011R,2.18,Background,Rural,-6.9233,38.4728,377
ES0012R,2.877,Background,Rural,-1.1008,39.0828,855
ES0013R,1.008,Background,Rural,-5.8974,41.2389,1003
ES0014R,2.518,Background,Rural,0.7342,41.3933,488
ES0016R,2.182,Background,Rural,-7.7046,42.6347,560
ES0017R,3.401,Background,Rural,-6.555,37.0519,35
ES0125A,36.489,Background,Urban,-3.705,40.3469,593
ES0126A,27.031,Background,Urban,-3.7319,40.3947,625
ES0296A,5.149,Background,Rural,3.016,39.7485,7
ES0692A,22.979,Background,Urban,2.115,41.3705,29
ES0694A,24.615,Background,Suburban,2.0098,41.3922,38
ES1038A,11.525,Background,Urban,-4.0642,43.3464,20
ES1039A,13.106,Background,Urban,-4.0636,43.3558,20
ES1126A,22.85,Background,Suburban,1.9232,41.4756,75
ES1193A,16.039,Background,Suburban,-3.7492,40.42,645
ES1231A,19.061,Background,Urban,2.089,41.4768,113
ES1353A,11.895,Background,Urban,-5.6796,43.2941,216
ES1396A,20.355,Background,Urban,2.1331,41.3788,35
ES1397A,16.793,Background,Suburban,2.2873,42.0033,460
ES1400A,4.682,Background,Rural,-0.1519,41.5056,327
ES1421A,7.617,Background,Urban,-1.1067,40.3364,915
ES1425A,18.64,Background,Urban,-6.0056,37.3753,9
ES1432A,7.238,Background,Suburban,-6.5527,43.1788,363
ES1433A,7.348,Background,Suburban,-5.596,43.2757,262
ES1435A,4.434,Background,Suburban,-0.2492,40.4167,1125
ES1443A,9.406,Background,Urban,-3.6361,42.3361,929
ES1450A,16.395,Background,Suburban,-5.9517,37.3983,29
ES1453A,25.663,Background,Urban,2.2095,41.4474,23
ES1472A,17.61,Background,Urban,-1.653,42.806,449
ES1489A,2.289,Background,Rural,-3.2317,42.8752,911
ES1491A,2.825,Background,Rural,-2.7032,43.4059,116
ES1516A,10.468,Background,Urban,-6.2252,36.5228,1
ES1529A,19.458,Background,Urban,-3.7903,43.4678,30
ES1530A,6.546,Background,Urban,-4.1356,43.0119,850
ES1531A,0.45,Background,Rural,-4.2531,43.1533,650
ES1532A,30.386,Background,Urban,-3.6514,40.3881,677
ES1537A,13.875,Background,Urban,-3.1716,40.6298,700
ES1543A,3.93,Background,Rural,-0.1694,40.735,619
ES1544A,10.275,Background,Suburban,-2.3937,42.849,594
ES1549A,15.942,Background,Urban,-2.811,36.7697,97
ES1551A,24.424,Background,Urban,2.1254,41.5127,131
ES1568A,23.635,Background,Suburban,-3.8768,40.3242,650
ES1572A,8.488,Background,Urban,-5.8728,43.3727,276
ES1578A,7.378,Background,Urban,-3.2206,43.3825,20
ES1579A,9.194,Background,Urban,-4.0628,43.2644,88
ES1593A,9.425,Background,Suburban,-6.2031,36.4606,35
ES1598A,7.545,Background,Urban,-3.1344,43.2129,62
ES1599A,2.76,Background,Rural,-2.155,43.2506,225
ES1601A,15.23,Background,Urban,-7.0114,38.8876,390
ES1602A,17.206,Background,Urban,-2.428,42.464,385
ES1604A,8.242,Background,Suburban,2.6217,39.5645,117
ES1611A,12.617,Background,Suburban,-3.5914,40.0333,512
ES1612A,17.611,Background,Suburban,-3.8689,40.4461,722
ES1616A,3.665,Background,Rural,-5.943,39.8437,376
ES1624A,7.215,Background,Suburban,-0.6828,38.2422,44
ES1640A,11.14,Background,Urban,-5.8337,37.3425,68
ES1641A,15.686,Background,Urban,-0.8936,41.6353,220
ES1645A,33.515,Background,Urban,-3.575,40.4747,631
ES1653A,14.541,Background,Urban,-5.9138,37.2845,49
ES1654A,3.71,Background,Rural,-5.6669,37.9943,573
ES1656A,16.975,Background,Urban,-3.7816,37.7826,480
ES1670A,4.647,Background,Rural,-1.2814,39.5586,804
ES1675A,4.327,Background,Suburban,-0.1467,38.5714,44
ES1679A,27.128,Background,Urban,2.1874,41.3864,7
ES1696A,12.821,Background,Urban,-1.9844,43.3028,88
ES1712A,16.855,Background,Urban,-2.9871,43.2984,17
ES1747A,17.189,Background,Urban,-1.651,42.826,418
ES1749A,11.762,Background,Suburban,-2.173,42.898,530
ES1778A,2.672,Background,Rural,2.358,41.7793,693
ES1786A,7.807,Background,Suburban,-2.3905,36.865,55
ES1799A,14.595,Background,Urban,-4.7623,37.8926,119
ES1802A,3.149,Background,Rural,-3.4679,40.909,995
ES1805A,8.297,Background,Rural,-3.7022,40.7806,852
ES1806A,6.883,Background,Rural,-3.2211,40.2876,795
ES1807A,22.161,Background,Suburban,-3.5429,40.3597,610
ES1808A,5.424,Background,Rural,-4.3981,40.3677,707
ES1809A,18.069,Background,Suburban,-3.6803,40.1852,610
ES1810A,5.032,Background,Rural,-4.2752,40.2479,469
ES1815A,10.206,Background,Suburban,1.6866,41.3468,192
ES1816A,14.978,Background,Urban,2.4433,41.5472,40
ES1818A,16.358,Background,Suburban,-4.0208,39.8681,500
ES1819A,8.034,Background,Urban,-6.3392,38.9062,214
ES1820A,6.114,Background,Suburban,-6.3974,38.428,551
ES1824A,9.037,Background,Suburban,-3.8103,37.7844,376
ES1828A,7.73,Background,Suburban,3.8576,40.0106,30
ES1829A,6.592,Background,Rural,2.6481,39.6356,109
ES1838A,11.618,Background,Suburban,-3.5033,40.5997,721
ES1851A,11.006,Background,Suburban,1.8482,42.0979,661
ES1856A,18.907,Background,Urban,2.148,41.4261,136
ES1868A,6.469,Background,Suburban,-8.5591,42.876,220
ES1882A,5.707,Background,Rural,-1.8687,38.1147,1
ES1890A,25.692,Background,Urban,-3.8337,40.3419,693
ES1903A,18.597,Background,Suburban,2.0138,41.3135,14
ES1910A,9.757,Background,Suburban,1.9915,41.3031,25
ES1914A,8.529,Background,Suburban,-0.8033,38.4547,355
ES1921A,20.611,Background,Urban,-0.9762,37.6018,10
ES1937A,28.028,Background,Urban,-3.6867,40.3981,609
ES1939A,20.306,Background,Urban,-3.6856,40.4097,672
ES1941A,29.908,Background,Urban,-3.6119,40.3728,630
ES1942A,28.895,Background,Urban,-3.5806,40.4625,619
ES1944A,24.007,Background,Urban,-3.6603,40.4942,615
ES1945A,13.129,Background,Suburban,-3.7744,40.5181,700
ES1946A,21.788,Background,Suburban,-3.6089,40.465,669
ES1947A,20.81,Background,Urban,-3.6897,40.5006,715
ES1957A,9.223,Background,Suburban,-8.4092,43.3828,25
ES1963A,17.321,Background,Suburban,-3.8328,40.1192,548
ES1974A,11.105,Background,Urban,-5.6707,43.5166,51
ES1982A,1.36,Background,Rural,0.7296,42.0513,1570
ES1988A,8.677,Background,Suburban,-5.5664,42.5753,814
ES1989A,3.024,Background,Rural,-5.0897,43.0414,1140
ES1990A,5.291,Background,Rural,-6.2239,40.5697,985
ES1991A,3.085,Background,Rural,-2.8569,41.7236,1017
ES1992A,16.737,Background,Urban,2.1151,41.3875,81
ES1997A,7.561,Background,Suburban,-6.0848,40.0437,181
ES2014A,1.113,Background,Rural,-7.4089,42.0616,760
ES2029A,5.267,Background,Suburban,-4.7008,40.6647,1150
ES2041A,9.251,Background,Urban,0.1911,41.9161,308
ES2054A,8.359,Background,Suburban,-5.9583,43.5705,8
FI00352,0.99,Background,Rural,29.4016,66.3217,310
FI00356,0.79,Background,Rural,24.1123,67.9672,566
FR01011,12.564,Background,Urban,6.1808,49.1194,192
FR01012,10.5,Background,Urban,6.2233,49.1103,204
FR01018,7.038,Background,Suburban,6.1228,49.1075,170
FR01020,13.458,Background,Urban,6.1569,49.3583,154
FR02022,14.423,Background,Urban,4.6292,43.6751,10
FR02041,11.182,Background,Urban,5.1011,43.639,82
FR03014,30.162,Background,Urban,5.3601,43.3481,59
FR03029,16.723,Background,Urban,5.4409,43.5303,192
FR03043,21.519,Background,Urban,5.3947,43.3053,73
FR03060,13.895,Background,Urban,5.8754,43.1016,8
FR03080,12.725,Background,Urban,4.8043,43.9497,19
FR04002,20.595,Background,Urban,2.2944,48.9303,28
FR04004,24.305,Background,Urban,2.3467,48.8917,60
FR04014,24.317,Background,Urban,2.3939,48.8372,40
FR04017,21.238,Background,Urban,2.2781,48.8814,36
FR04018,25.182,Background,Urban,2.3847,48.9039,42
FR04024,18.164,Background,Suburban,2.4447,48.9908,65
FR04029,13.641,Background,Suburban,2.1306,48.7992,125
FR04034,20.084,Background,Urban,2.3758,48.7759,95
FR04038,6.712,Background,Rural,1.8833,48.5819,152
FR04060,23.576,Background,Urban,2.2933,48.8572,31
FR04063,13.465,Background,Suburban,1.7033,48.9964,32
FR04069,12.664,Background,Suburban,2.6614,48.5414,56
FR04098,17.692,Background,Urban,2.6353,48.8403,80
FR04100,19.492,Background,Urban,2.5072,48.8819,85
FR04101,20.254,Background,Urban,2.5175,48.8164,74
FR04149,14.388,Background,Urban,2.4572,48.7067,68
FR04156,21.151,Background,Urban,2.4525,48.9025,51
FR04319,19.5,Background,Suburban,2.5753,48.9556,65
FR04323,17.425,Background,Urban,2.4292,48.6272,81
FR05078,13.442,Background,Urban,0.1427,49.4983,3
FR05087,6.274,Background,Rural,0.7587,49.4984,10
FR05090,9.047,Background,Urban,0.1006,49.5147,92
FR07004,13.792,Background,Urban,3.1138,45.7973,340
FR07022,3.057,Background,Rural,3.6007,46.6527,235
FR08003,19.52,Background,Urban,3.8663,43.6113,42
FR08016,14.705,Background,Urban,3.8868,43.5915,23
FR08022,5.144,Background,Suburban,3.5048,43.2875,19
FR08614,12.369,Background,Urban,4.3744,43.8344,42
FR08714,12.884,Background,Urban,2.9005,42.6955,48
FR09003,12.923,Background,Urban,-1.1537,46.1626,10
FR09008,6.545,Background,Suburban,-1.1171,46.1351,10
FR09103,11.358,Background,Urban,0.1672,45.6474,83
FR09302,2.438,Background,Rural,-0.3959,46.1432,93
FR09404,12.648,Background,Urban,0.3456,46.584,110
FR12004,13.714,Background,Urban,1.4181,43.5757,144
FR12026,10.226,Background,Urban,2.1459,43.9278,181
FR12030,13.145,Background,Urban,1.444,43.5873,146
FR12042,9.596,Background,Urban,-0.0405,43.0962,403
FR12052,10.962,Background,Urban,0.0623,43.2303,312
FR12053,6.12,Background,Urban,2.2302,43.6105,183
FR14010,9.44,Background,Suburban,4.0511,49.2822,91
FR14012,10.496,Background,Urban,4.0206,49.2242,96
FR14022,7.888,Background,Urban,4.36,48.9622,86
FR14031,10.604,Background,Urban,4.0769,48.3017,109
FR14033,7.928,Background,Urban,4.0503,48.295,119
FR14042,7.839,Background,Urban,4.9661,48.6458,151
FR14051,10.563,Background,Urban,4.7192,49.7453,160
FR15018,12.652,Background,Urban,5.5894,45.3602,286
FR15043,14.039,Background,Urban,5.7356,45.1619,219
FR15045,7.377,Background,Suburban,5.6767,45.0578,310
FR16017,9.796,Background,Rural,8.1585,48.9194,114
FR16029,13.184,Background,Urban,7.7816,48.6104,114
FR16057,17.889,Background,Urban,7.3473,47.7574,236
FR16060,15.522,Background,Suburban,7.5682,47.5949,247
FR16066,10.917,Background,Urban,7.3091,47.7374,267
FR18053,12.302,Background,Urban,2.3046,49.9017,26
FR19012,10.234,Background,Urban,-4.4866,48.3862,48
FR19032,7.134,Background,Urban,-3.395,47.7425,37
FR20047,11.413,Background,Suburban,4.954,45.8232,180
FR20048,8.731,Background,Suburban,5.0722,45.7533,217
FR20062,16.546,Background,Urban,4.8542,45.7577,160
FR21001,11.427,Background,Urban,-0.3911,49.1922,56
FR21019,9.674,Background,Urban,-0.3528,49.1517,22
FR21031,7.144,Background,Suburban,0.1108,48.4456,140
FR21040,7.523,Background,Urban,-1.0847,49.1164,56
FR22054,11.097,Background,Urban,6.9109,49.1874,233
FR23078,7.315,Background,Urban,-0.8836,47.0558,83
FR23107,9.93,Background,Urban,-1.5733,47.2528,20
FR23110,6.048,Background,Urban,-2.2502,47.2641,26
FR23120,11.168,Background,Urban,-0.5559,47.4685,41
FR23123,8.549,Background,Urban,-0.7681,48.0693,48
FR23124,3.814,Background,Rural,-0.7434,46.6566,142
FR23152,7.211,Background,Urban,-1.4369,46.6606,68
FR23174,9.89,Background,Urban,0.1961,47.989,45
FR23177,4.357,Background,Rural,-0.4448,47.7883,54
FR23181,6.641,Background,Urban,-2.2232,47.2731,5
FR23182,7.029,Background,Urban,0.2214,47.9711,84
FR23188,9.446,Background,Urban,-1.5374,47.2222,13
FR24007,22.016,Background,Suburban,7.0932,43.5988,81
FR24036,23.998,Background,Urban,7.2863,43.7021,11
FR25039,10.376,Background,Urban,1.1483,49.0213,65
FR25043,12.122,Background,Urban,1.099,49.4005,11
FR26012,2.134,Background,Rural,4.0995,47.2748,638
FR26017,6.705,Background,Urban,3.1711,46.9968,190
FR27003,11.52,Background,Suburban,4.7665,45.4545,152
FR27005,8.765,Background,Suburban,4.7707,45.3218,136
FR27010,2.847,Background,Rural,5.1811,45.4609,520
FR29423,13.962,Background,Urban,4.0747,46.0411,259
FR29424,13.411,Background,Urban,4.3954,45.4201,552
FR29439,9.395,Background,Suburban,4.4297,45.4818,520
FR30028,1.555,Background,Rural,7.0111,48.0511,1200
FR30034,13.106,Background,Urban,6.1904,48.6882,200
FR30037,7.98,Background,Suburban,6.136,48.6569,360
FR31001,11.781,Background,Urban,-0.5804,44.8612,3
FR31007,10.55,Background,Urban,-0.5158,44.9003,36
FR31013,9.821,Background,Urban,-0.3915,43.3108,197
FR31016,11.583,Background,Urban,-1.4892,43.4798,35
FR31021,6.805,Background,Rural,-0.5382,43.3763,123
FR31033,7.465,Background,Urban,0.7272,45.1898,142
FR32002,14.626,Background,Suburban,4.8351,46.8211,187
FR32005,11.021,Background,Urban,4.3669,46.6788,281
FR32006,13.601,Background,Suburban,4.84,46.3162,172
FR33101,15.463,Background,Urban,5.9283,45.5647,280
FR33111,8.426,Background,Urban,6.3496,45.2747,555
FR33120,18.556,Background,Urban,6.87,45.9225,1038
FR33121,14.617,Background,Urban,6.3897,45.675,352
FR33211,17.123,Background,Urban,6.2406,46.1958,441
FR33302,3.981,Background,Rural,5.8208,46.0722,477
FR34024,8.832,Background,Urban,0.6538,47.3441,90
FR34025,8.644,Background,Urban,0.6829,47.4191,100
FR34032,7.134,Background,Urban,2.4053,47.0828,133
FR34046,7.445,Background,Urban,1.3585,48.7297,90
FR34051,6.603,Background,Urban,1.6931,46.7983,156
FR35002,4.972,Background,Urban,0.8984,45.8849,227
FR35004,10.099,Background,Urban,1.5373,45.1587,121
FR35005,8.26,Background,Urban,1.873,46.1736,437
FR35006,8.355,Background,Urban,1.7628,45.2627,264
FR36001,11.556,Background,Suburban,4.8763,44.8702,125
FR36002,14.106,Background,Urban,4.8935,44.9335,125
FR36021,1.447,Background,Rural,5.279,44.5694,605
FR41001,13.292,Background,Urban,8.7357,41.9247,39
FR41002,8.789,Background,Urban,9.4464,42.6979,60
FR41017,5.883,Background,Suburban,9.4346,42.6713,15
FR82006,12.393,Background,Urban,6.0154,47.2474,321
FR82010,14.032,Background,Urban,6.794,47.5103,331
GR0028A,27.339,Background,Urban,23.6884,38.0208,80
GR0031A,30.189,Background,Urban,23.713,37.932,50
GR0039A,13.676,Background,Suburban,23.8194,37.9951,290
HR0009A,27.88,Background,Urban,16.0065,45.7649,0
HU0026A,11.193,Background,Urban,20.6164,48.2472,155
HU0037A,13.928,Background,Suburban,17.5567,47.1053,248
HU0038A,10.711,Background,Suburban,20.7031,48.2181,135
IE0028A,14.755,Background,Urban,-6.2672,53.322,27
IE0118A,6.621,Background,Suburban,-9.2997,53.8511,41
IE0132A,13.375,Background,Suburban,-6.1319,53.2858,29
IE0147A,4.388,Background,Suburban,-7.2681,52.6388,68
IT0267A,20.059,Background,Suburban,9.4147,45.3294,80
IT0448A,25.641,Background,Urban,12.3139,45.4294,1
IT0459A,23.21,Background,Suburban,13.3419,43.5989,15
IT0505A,3.005,Background,Rural,11.4332,46.5897,1770
IT0507A,21.147,Background,Urban,11.6541,46.7149,564
IT0508A,16.233,Background,Urban,11.944,46.7974,830
IT0544A,12.12,Background,Suburban,9.8303,44.8239,210
IT0591A,19.483,Background,Urban,11.0394,45.8924,200
IT0663A,16.237,Background,Urban,11.3686,45.7144,190
IT0703A,20.028,Background,Suburban,11.4539,46.0518,380
IT0706A,27.956,Background,Urban,9.3275,45.4828,123
IT0707A,27.056,Background,Urban,9.6439,45.6903,249
IT0732A,16.172,Background,Urban,8.8042,45.8361,382
IT0741A,20.395,Background,Rural,10.2994,45.2489,51
IT0742A,20.4,Background,Suburban,10.3858,45.6394,345
IT0743A,21.437,Background,Urban,10.4808,45.4633,188
IT0775A,18.1,Background,Suburban,9.385,46.1372,228
IT0804A,17.977,Background,Urban,10.3317,44.7936,60
IT0854A,18.349,Background,Urban,8.9274,44.4182,105
IT0858A,12.215,Background,Urban,8.9915,44.3949,85
IT0862A,16.08,Background,Urban,11.2875,43.7867,61
IT0865A,13.245,Background,Urban,12.6533,41.5954,81
IT0883A,5.095,Background,Suburban,11.3239,43.7892,195
IT0884A,6.316,Background,Rural,11.909,42.1579,532
IT0889A,22.377,Background,Suburban,13.0097,41.725,220
IT0903A,14.838,Background,Suburban,10.7339,44.5161,150
IT0908A,11.813,Background,Urban,10.3725,46.4703,1225
IT0912A,22.575,Background,Urban,9.1647,45.1939,77
IT0940A,17.58,Background,Urban,10.6647,44.6908,50
IT0950A,11.072,Background,Urban,11.8889,43.4611,260
IT0952A,8.088,Background,Rural,12.2663,41.8895,66
IT0956A,25.765,Background,Urban,12.5687,41.8577,48
IT0957A,23.885,Background,Suburban,12.6585,41.9295,56
IT0963A,19.183,Background,Urban,12.2622,45.4992,1
IT0966A,16.598,Background,Urban,13.2406,46.0661,100
IT0977A,2.264,Background,Rural,6.9778,45.7292,1640
IT0983A,19.648,Background,Urban,7.3242,45.7358,581
IT0988A,9.498,Background,Rural,7.7664,45.5966,371
IT0989A,3.624,Background,Rural,12.9621,42.5726,948
IT0991A,31.572,Background,Urban,13.3383,41.7273,440
IT0992A,4.539,Background,Rural,13.6743,41.6692,388
IT1037A,26.022,Background,Urban,11.1262,46.0629,203
IT1043A,15.899,Background,Urban,12.5533,44.0625,6
IT1065A,14.469,Background,Urban,11.7367,45.7608,114
IT1071A,15.652,Background,Suburban,10.7717,43.7131,16
IT1110A,12.797,Background,Urban,10.4017,43.7389,5
IT1114A,10.459,Background,Suburban,7.0501,45.1391,499
IT1120A,23.356,Background,Suburban,7.5496,45.0069,268
IT1125A,19.676,Background,Suburban,7.6362,44.9513,231
IT1128A,20.138,Background,Suburban,7.658,45.1546,257
IT1149A,3.189,Background,Suburban,10.8817,43.2478,353
IT1152A,21.905,Background,Suburban,10.8836,44.7994,25
IT1176A,26.218,Background,Urban,12.5416,41.886,28
IT1177A,13.566,Background,Urban,11.5397,45.5606,36
IT1179A,8.407,Background,Rural,11.9611,44.8397,-2
IT1184A,23.121,Background,Suburban,12.9466,41.5314,15
IT1186A,17.756,Background,Urban,10.245,43.8839,3
IT1187A,15.316,Background,Urban,10.5739,43.8408,10
IT1190A,14.486,Background,Urban,9.5664,46.1317,262
IT1191A,4.205,Background,Rural,10.958,46.0825,1601
IT1203A,20.088,Background,Suburban,8.8486,45.5467,184
IT1204A,15.556,Background,Urban,12.2256,44.42,4
IT1213A,14.802,Background,Urban,12.0619,45.0467,4
IT1214A,15.324,Background,Urban,11.7911,45.0397,3
IT1222A,21.387,Background,Urban,12.5917,45.6303,3
IT1246A,12.568,Background,Urban,8.1876,45.569,271
IT1277A,11.177,Background,Urban,9.6944,40.575,39
IT1288A,18.095,Background,Rural,9.5861,45.3086,64
IT1294A,16.164,Background,Urban,8.7367,45.5258,146
IT1328A,16.795,Background,Urban,12.3081,45.8906,72
IT1365A,13.487,Background,Urban,12.6236,42.5819,156
IT1388A,25.676,Background,Suburban,10.6919,45.4108,113
IT1453A,30.234,Background,Urban,11.8419,45.3719,13
IT1459A,18.325,Background,Suburban,8.8345,45.5829,206
IT1463A,20.971,Background,Suburban,9.6115,45.6206,182
IT1464A,20.319,Background,Rural,9.5564,45.4975,115
IT1486A,18.887,Background,Urban,14.3447,41.0844,68
IT1509A,19.662,Background,Suburban,8.7861,45.4097,124
IT1510A,14.03,Background,Urban,8.5655,45.9303,203
IT1519A,7.968,Background,Rural,8.1695,44.4122,392
IT1523A,18.775,Background,Urban,8.2055,44.9089,150
IT1524A,18.355,Background,Urban,8.0333,44.7037,164
IT1529A,17.507,Background,Urban,7.5382,44.3818,550
IT1532A,13.541,Background,Urban,8.2835,45.7132,344
IT1535A,18.578,Background,Urban,11.3114,45.1836,25
IT1548A,3.874,Background,Rural,9.8977,44.1831,275
IT1551A,18,Background,Urban,11.1928,43.7569,45
IT1553A,13.212,Background,Rural,11.0069,43.9161,48
IT1557A,12.449,Background,Urban,10.3217,43.52,13
IT1571A,15.337,Background,Urban,10.9053,43.9408,80
IT1576A,3.977,Background,Suburban,8.3861,39.2033,25
IT1590A,21.008,Background,Urban,12.2386,45.6725,15
IT1593A,11.639,Background,Urban,11.1192,42.7786,10
IT1594A,13.88,Background,Urban,12.2169,46.1414,401
IT1596A,10.491,Background,Rural,12.5103,45.8369,14
IT1610A,9.749,Background,Urban,17.2253,40.4233,10
IT1619A,10.003,Background,Suburban,11.9058,46.0308,263
IT1624A,20.213,Background,Urban,16.8597,41.1006,10
IT1644A,6.642,Background,Rural,10.4536,43.8689,120
IT1646A,20.231,Background,Suburban,9.7139,45.082,47
IT1648A,19.002,Background,Suburban,9.1258,45.7272,320
IT1650A,23.181,Background,Urban,9.0242,45.6269,212
IT1654A,20.216,Background,Urban,11.0919,43.8728,54
IT1662A,6.726,Background,Suburban,9.7987,44.1236,20
IT1663A,8.692,Background,Suburban,17.8083,40.5656,10
IT1670A,18.195,Background,Urban,12.2392,44.1392,37
IT1672A,2.508,Background,Rural,10.4303,44.2997,1120
IT1681A,2.121,Background,Rural,11.9017,43.6603,650
IT1692A,28.013,Background,Urban,9.2358,45.4783,122
IT1702A,10.877,Background,Suburban,17.9436,40.6508,10
IT1728A,14.246,Background,Urban,12.6517,42.5522,138
IT1734A,15.594,Background,Suburban,9.3489,45.8408,237
IT1735A,16.308,Background,Urban,9.0094,45.0003,90
IT1739A,25.422,Background,Urban,10.0458,45.1422,45
IT1771A,22.478,Background,Urban,10.9063,44.6506,34
IT1790A,4.818,Background,Rural,12.3608,46.1625,615
IT1791A,2.772,Background,Rural,11.5692,45.8483,1366
IT1812A,4.732,Background,Rural,9.4969,45.9131,1192
IT1819A,10.854,Background,Urban,10.0972,44.0783,98
IT1823A,9.62,Background,Suburban,16.9197,40.9533,100
IT1826A,17.888,Background,Urban,9.3958,45.8494,267
IT1836A,30.039,Background,Urban,12.4476,41.9064,24
IT1848A,5.843,Background,Rural,11.0378,45.59,824
IT1860A,23.842,Background,Urban,12.7372,42.7397,319
IT1865A,12.124,Background,Rural,11.0708,44.9969,16
IT1868A,19.434,Background,Urban,10.7956,45.1606,22
IT1870A,10.814,Background,Rural,11.6431,45.29,18
IT1873A,19.179,Background,Urban,8.75,45.6167,215
IT1876A,16.798,Background,Suburban,9.4667,45.6833,273
IT1877A,27.415,Background,Urban,7.6259,45.0419,260
IT1878A,14.314,Background,Suburban,8.4024,45.3189,131
IT1888A,16.768,Background,Urban,13.1186,38.0502,187
IT1902A,6.009,Background,Rural,12.4681,43.0669,209
IT1906A,33,Background,Urban,12.4754,41.894,17
IT1910A,14.864,Background,Suburban,10.3708,44.9261,30
IT1911A,10.146,Background,Rural,10.2889,44.6575,202
IT1914A,16.333,Background,Rural,10.6639,44.8731,22
IT1915A,7.376,Background,Rural,12.6275,43.9328,165
IT1916A,8.343,Background,Suburban,12.42,44.0131,78
IT1917A,12.278,Background,Suburban,11.2997,44.7383,16
IT1918A,13.147,Background,Urban,11.6497,44.825,9
IT1919A,11.808,Background,Rural,11.9422,44.7417,0
IT1921A,11.64,Background,Rural,11.1779,44.9278,4
IT1924A,15.428,Background,Rural,10.0192,44.9894,48
IT1928A,10.348,Background,Suburban,12.3322,44.2839,0
IT1942A,3.024,Background,Rural,11.0942,42.6706,40
IT1947A,8.374,Background,Urban,9.0089,39.0667,56
IT1948A,10.755,Background,Rural,8.3103,44.808,258
IT1961A,2.664,Background,Rural,8.2559,46.3148,1639
IT1964A,18.435,Background,Rural,9.6669,45.235,63
IT1965A,23.244,Background,Urban,9.4953,45.3028,76
IT1967A,15.586,Background,Urban,9.8803,46.1686,290
IT1975A,14.883,Background,Urban,9.6692,45.0383,61
IT1993A,4.997,Background,Urban,9.1364,39.2606,15
IT1996A,5.478,Background,Rural,8.7731,40.2564,532
IT1997A,11.347,Background,Suburban,15.2491,38.1906,28
IT2008A,9.168,Background,Urban,8.6053,39.8853,4
IT2009A,8.346,Background,Urban,8.5761,40.7244,275
IT2010A,6.787,Background,Urban,8.4053,40.8314,16
IT2012A,16.9,Background,Suburban,12.3456,41.8748,62
IT2013A,21.445,Background,Urban,13.349,41.6396,242
IT2014A,15.492,Background,Rural,9.2861,46.0158,211
IT2027A,3.313,Background,Rural,12.2247,43.9275,615
IT2032A,13.106,Background,Urban,11.1419,43.4728,105
IT2040A,10.035,Background,Urban,9.1881,39.2328,8
IT2058A,18.729,Background,Suburban,16.8453,41.1347,5
IT2062A,24.33,Background,Urban,9.6147,45.6439,207
IT2071A,18.346,Background,Rural,11.9022,45.6003,25
IT2072A,13.33,Background,Rural,11.5533,45.1039,6
IT2073A,14.43,Background,Urban,10.7914,44.5394,118
IT2074A,2.248,Background,Rural,9.3669,44.7347,765
IT2075A,16.288,Background,Suburban,11.2861,44.5,56
IT2079A,13.735,Background,Urban,8.8458,45.3044,109
IT2096A,21.616,Background,Urban,11.342,46.4992,260
IT2097A,2.659,Background,Rural,10.9261,44.15,811
IT2100A,9.519,Background,Suburban,12.2058,43.1331,242
IT2101A,19.541,Background,Suburban,7.8375,45.0028,271
IT2105A,11.097,Background,Urban,12.2458,43.4569,284
IT2109A,7.493,Background,Urban,12.4197,42.5519,329
IT2117A,18.744,Background,Suburban,7.7116,45.1763,246
IT2128A,16.244,Background,Suburban,8.2921,46.1276,281
IT2132A,11.849,Background,Rural,13.5011,45.8364,10
IT2141A,13.239,Background,Rural,15.3867,41.6308,150
IT2151A,8.141,Background,Suburban,18.0472,40.4894,50
IT2153A,12.805,Background,Urban,11.0978,43.7931,41
IT2154A,10.807,Background,Urban,10.5242,42.9319,40
IT2158A,3.521,Background,Rural,12.4017,43.9081,540
IT2170A,10.154,Background,Rural,13.2622,45.8108,0
IT2175A,11.352,Background,Urban,12.4132,42.3018,145
IT2183A,15.65,Background,Urban,10.3327,43.5689,8
IT2206A,5.176,Background,Rural,14.345,37.0225,0
IT2213A,19.749,Background,Suburban,14.7024,40.711,191
IT2233A,18.269,Background,Urban,7.3043,45.7344,583
IT2239A,10.076,Background,Urban,10.5599,44.0055,130
LT00002,13.853,Background,Urban,25.2108,54.6861,170
LT00012,12.211,Background,Urban,24.3656,55.725,52
LT00044,8.301,Background,Urban,23.8358,54.8836,73
LT00051,0.216,Background,Rural,26.0042,55.4633,180
LU0101A,18.366,Background,Urban,6.1376,49.5977,275
LU0102A,14.809,Background,Urban,5.9769,49.505,287
LU0103A,4.253,Background,Rural,6.1783,49.9358,511
LU0104A,6.596,Background,Rural,5.8471,49.7318,288
LU0105A,5.685,Background,Rural,6.3053,49.7223,319
LV0010R,1.948,Background,Rural,21.1733,56.1624,18
NL00003,14.577,Background,Urban,4.9438,52.3893,4
NL00014,14.751,Background,Urban,4.8662,52.3597,2
NL00019,18.539,Background,Urban,4.9044,52.3721,6
NL00021,12.411,Background,Urban,4.9884,52.3207,0
NL00022,14.107,Background,Urban,4.7933,52.3668,2
NL00107,9.817,Background,Rural,6.0424,51.1192,35
NL00131,10.845,Background,Rural,5.8531,51.5405,30
NL00133,7.809,Background,Suburban,5.8817,50.9023,91
NL00138,9.87,Background,Urban,5.9869,50.9003,99
NL00230,11.13,Background,Rural,5.1485,51.5184,15
NL00235,11.75,Background,Rural,4.3598,51.4344,21
NL00246,11.582,Background,Rural,4.5153,51.6537,2
NL00247,10.825,Background,Urban,5.3933,51.4074,26
NL00301,10.195,Background,Rural,3.9166,51.6347,1
NL00318,10.523,Background,Rural,3.7494,51.2945,5
NL00404,15.031,Background,Urban,4.2892,52.0771,4
NL00418,21.083,Background,Urban,4.48,51.9142,1
NL00437,11.126,Background,Rural,4.4505,51.7866,0
NL00442,14.325,Background,Urban,4.7082,51.8007,1
NL00444,9.63,Background,Rural,4.5108,52.2966,4
NL00446,17.172,Background,Urban,4.3594,52.039,0
NL00485,18.133,Background,Urban,4.3552,51.8674,3
NL00488,17.401,Background,Urban,4.4876,51.8936,2
NL00494,22.385,Background,Urban,4.4014,51.9214,3
NL00495,23.523,Background,Urban,4.228,51.932,4
NL00538,9.125,Background,Rural,5.049,52.8034,-2
NL00561,18.678,Background,Urban,4.7735,52.3336,-2
NL00564,15.056,Background,Rural,4.715,52.3275,-4
NL00565,15.236,Background,Rural,4.7707,52.2799,2
NL00633,9.527,Background,Rural,4.8382,52.1379,-2
NL00643,12.769,Background,Urban,5.1282,52.1013,5
NL00644,10.874,Background,Rural,4.9233,51.9745,0
NL00701,15.524,Background,Urban,4.8167,52.448,2
NL00703,13.3,Background,Rural,4.7286,52.3986,-1
NL00722,9.206,Background,Rural,6.6054,52.0917,20
NL00738,9.46,Background,Rural,5.7084,52.1116,22
NL00742,13.313,Background,Urban,5.8569,51.8382,31
NL00818,7.258,Background,Rural,6.0176,52.6542,3
NL00918,5.914,Background,Rural,5.5735,52.9169,1
NL00929,6.784,Background,Rural,6.9327,52.8757,11
NL00934,5.106,Background,Rural,6.2769,53.3304,1
NL00938,6.567,Background,Urban,6.609,53.2465,0
NO0002R,0.767,Background,Rural,8.2519,58.3885,200
NO0056R,0.867,Background,Rural,11.0741,60.3729,280
NO0062A,3.11,Background,Rural,9.4871,59.2024,25
NO0075A,10.991,Background,Suburban,10.4656,61.1209,212
PL0002R,7.476,Background,Rural,21.9724,51.8144,177
PL0004R,3.557,Background,Suburban,17.5345,54.7541,2
PL0005R,3.357,Background,Rural,22.0381,54.1248,157
PL0008A,22.458,Background,Urban,18.975,50.2646,273
PL0014A,6.164,Background,Rural,20.7919,51.8352,176
PL0028A,3.923,Background,Rural,15.3122,50.9125,645
PL0031A,13.113,Background,Urban,18.2689,52.2257,100
PL0047A,16.336,Background,Urban,18.6573,54.4008,3
PL0048A,10.984,Background,Urban,18.4933,54.5608,78
PL0052A,16.514,Background,Urban,18.6198,54.3801,7
PL0064A,17.228,Background,Urban,17.9957,53.1341,49
PL0068A,7.865,Background,Rural,18.6843,53.0806,82
PL0077A,4.932,Background,Rural,17.934,53.6621,121
PL0091A,13.386,Background,Urban,23.2902,50.7166,226
PL0105A,9.183,Background,Rural,19.5176,51.2912,166
PL0115A,13.334,Background,Urban,19.4212,51.8567,189
PL0121A,3.996,Background,Rural,21.1168,49.6337,327
PL0126A,16.254,Background,Urban,19.9601,49.2936,844
PL0128A,7.056,Background,Rural,20.4547,52.2859,72
PL0129A,13.183,Background,Suburban,20.9559,52.4076,91
PL0134A,18.008,Background,Suburban,20.8375,52.1917,99
PL0136A,14.349,Background,Urban,19.7098,52.5509,101
PL0143A,20.616,Background,Urban,21.0425,52.2909,85
PL0150A,2.647,Background,Rural,23.6422,53.2155,180
PL0175A,10.348,Background,Urban,20.4861,53.7892,120
PL0182A,4.973,Background,Rural,14.3822,53.1223,2
PL0184A,13.746,Background,Urban,19.1301,50.8364,265
PL0190A,15.49,Background,Urban,16.1805,51.2045,122
PL0192A,10.782,Background,Urban,16.2697,50.7687,424
PL0193A,11.203,Background,Suburban,17.1411,51.1159,118
PL0194A,15.274,Background,Urban,17.0293,51.1294,114
PL0209A,15.387,Background,Urban,15.2287,52.7382,22
PL0211A,3.258,Background,Rural,15.2067,52.1722,77
PL0212A,12.119,Background,Urban,16.3175,51.7997,90
PL0218A,12.148,Background,Urban,18.2366,50.3496,181
PL0239A,19.712,Background,Urban,18.5161,50.1112,245
PL0240A,17.022,Background,Urban,18.9902,50.0999,252
PL0241A,15.845,Background,Urban,18.4555,50.0076,271
PL0243A,6.192,Background,Rural,19.4588,50.7109,291
PL0247A,7.264,Background,Rural,17.7732,52.5013,122
PL0248A,10.569,Background,Urban,14.6633,53.381,10
PL0273A,16.281,Background,Urban,19.8304,49.971,225
PL0276A,8.158,Background,Urban,22.1125,50.5299,156
PL0294A,13.078,Background,Urban,19.2344,49.6716,368
PL0295A,10.374,Background,Urban,19.4109,54.1678,15
PL0317A,12.074,Background,Urban,17.2913,50.9421,130
PL0495A,12.11,Background,Urban,22.0106,50.0242,203
PL0501A,23.897,Background,Urban,19.9492,50.0106,223
PL0502A,17.289,Background,Urban,21.0042,50.0202,228
PL0503A,13.492,Background,Urban,18.0491,51.748,140
PL0504A,11.387,Background,Urban,16.6537,50.4335,295
PL0505A,5.413,Background,Rural,15.4317,51.3176,179
PL0509A,14.901,Background,Urban,19.697,51.4044,180
PL0518A,8.756,Background,Urban,21.4546,49.7449,223
PL0529A,16.149,Background,Urban,19.1844,50.286,250
PL0543A,18.372,Background,Urban,19.451,51.7754,206
PL0563A,14.523,Background,Suburban,20.5335,50.8231,245
PL0568A,10.023,Background,Suburban,18.8267,49.7197,411
PL0573A,10.622,Background,Rural,17.0742,52.2767,80
PL0585A,9.423,Background,Urban,15.7656,50.9134,345
PL0591A,12.478,Background,Urban,15.1278,51.6427,160
PL0594A,8.821,Background,Urban,22.7562,49.7843,201
PT01042,11.257,Background,Suburban,-8.4569,41.5694,51
PT02004,7.461,Background,Suburban,-8.5672,40.7586,14
PT02019,2.879,Background,Rural,-8.8917,39.9239,68
PT02020,1.099,Background,Rural,-7.3019,40.2331,461
PT02022,3.95,Background,Rural,-8.6767,40.1828,114
PT03071,22.107,Background,Urban,-9.1081,38.7689,32
PT03083,19.64,Background,Urban,-9.1578,38.6636,63
PT03087,16.298,Background,Urban,-9.2103,38.705,143
PT03089,11.837,Background,Urban,-9.3472,38.785,173
PT03093,11.423,Background,Urban,-8.8942,38.5292,2
PT03095,13.507,Background,Urban,-9.0669,38.6586,30
PT03096,4.047,Background,Rural,-8.4661,39.3525,143
PT03101,16.379,Background,Urban,-9.0403,38.8961,22
PT05007,9.617,Background,Urban,-7.9267,37.015,4
SE0001A,7.762,Background,Urban,13.002,55.6064,25
SE0004A,11.139,Background,Urban,11.9702,57.709,31
SE0005R,0.272,Background,Rural,15.3197,63.8455,380
SE0014R,2.735,Background,Rural,11.9142,57.3936,2
SE0022A,7.14,Background,Urban,18.0578,59.316,58
SE0053A,11.396,Background,Urban,12.6913,56.0473,25
SE0054A,6.027,Background,Urban,13.2008,55.7008,60
SE0066A,2.333,Background,Rural,18.6313,59.8324,24
SE09346,11.835,Background,Urban,12.0151,57.658,20
TR0002A,60.977,Background,Urban,32.5852,39.972,794
TR0010A,68.314,Background,Urban,32.8229,39.9183,915
TR0011A,49.754,Background,Urban,32.7957,39.9677,883
TR0054A,50.75,Background,Urban,29.01,41.0539,99
TR100241,37.49,Background,Urban,27.975,40.3479,38
TR100313,7.435,Background,Rural,27.9786,40.4897,61
TR110241,20.649,Background,Urban,30.0529,39.904,755
TR160341,31.844,Background,Urban,29.5002,40.0809,289
TR160512,31.487,Background,Suburban,29.0459,40.1957,143
TR170313,13.181,Background,Rural,26.7706,40.4031,12
TR220213,7.321,Background,Urban,26.5373,41.6591,36
TR220341,10.248,Background,Urban,26.6353,40.8512,133
TR340341,35.986,Background,Urban,28.9748,41.0923,91
TR340411,22.548,Background,Rural,29.059,41.0746,9
TR340611,14.346,Background,Urban,28.2555,41.0732,35
TR340741,27.317,Background,Urban,29.2688,40.9845,128
TR340841,20.094,Background,Urban,28.872,41.102,128
TR340913,6.953,Background,Rural,29.5634,41.1705,68
TR390441,15.91,Background,Urban,27.3459,41.3984,56
TR410641,20.978,Background,Urban,30.0077,40.771,8
TR410741,27.898,Background,Urban,29.7946,40.726,3
TR410913,4.737,Background,Rural,30.0066,41.1307,33
TR770212,23.123,Background,Suburban,29.5079,40.7006,22
TR770313,8.462,Background,Rural,28.7846,40.5294,98
